,Province,total_OPD,Year
0,กระบี่,1110208,2556
1,กาญจนบุรี,1780883,2556
2,กาฬสินธุ์,3407362,2556
3,กำแพงเพชร,2511719,2556
4,ขอนแก่น,7250904,2556
5,จันทบุรี,1577151,2556
6,ฉะเชิงเทรา,1586269,2556
7,ชลบุรี,3226006,2556
8,ชัยนาท,1019815,2556
9,ชัยภูมิ,3197242,2556
10,ชุมพร,1232963,2556
11,เชียงราย,3418302,2556
12,เชียงใหม่,3967943,2556
13,ตรัง,1851220,2556
14,ตราด,626376,2556
15,ตาก,1566572,2556
16,นครนายก,1005127,2556
17,นครปฐม,3406928,2556
18,นครพนม,2225590,2556
19,นครราชสีมา,6015065,2556
20,นครศรีธรรมราช,4271094,2556
21,นครสวรรค์,3658393,2556
22,นนทบุรี,2343540,2556
23,นราธิวาส,1559397,2556
24,น่าน,1955562,2556
25,บึงกาฬ,929015,2556
26,บุรีรัมย์,4891778,2556
27,ปทุมธานี,1876089,2556
28,ประจวบคีรีขันธ์,1376033,2556
29,ปราจีนบุรี,1479512,2556
30,ปัตตานี,1351421,2556
31,พระนครศรีอยุธยา,3116985,2556
32,พะเยา,2139978,2556
33,พังงา,429230,2556
34,พัทลุง,1585056,2556
35,พิจิตร,2095271,2556
36,พิษณุโลก,3031249,2556
37,เพชรบุรี,2071255,2556
38,เพชรบูรณ์,2711954,2556
39,แพร่,1886706,2556
40,ภูเก็ต,831093,2556
41,มหาสารคาม,2793921,2556
42,มุกดาหาร,701992,2556
43,แม่ฮ่องสอน,848174,2556
44,ยโสธร,1866426,2556
45,ยะลา,632298,2556
46,ร้อยเอ็ด,3999158,2556
47,ระนอง,524737,2556
48,ระยอง,1517002,2556
49,ราชบุรี,3118635,2556
50,ลพบุรี,2297682,2556
51,ลำปาง,2578493,2556
52,ลำพูน,1675712,2556
53,เลย,2329825,2556
54,ศรีสะเกษ,3950285,2556
55,สกลนคร,3295893,2556
56,สงขลา,3446989,2556
57,สตูล,693965,2556
58,สมุทรปราการ,2407691,2556
59,สมุทรสงคราม,418850,2556
60,สมุทรสาคร,2119256,2556
61,สระแก้ว,1336503,2556
62,สระบุรี,1070381,2556
63,สิงห์บุรี,880098,2556
64,สุโขทัย,2133750,2556
65,สุพรรณบุรี,3317429,2556
66,สุราษฎร์ธานี,2360183,2556
67,สุรินทร์,4130919,2556
68,หนองคาย,1749272,2556
69,หนองบัวลำภู,1718309,2556
70,อ่างทอง,1179579,2556
71,อำนาจเจริญ,1221845,2556
72,อุดรธานี,3019377,2556
73,อุตรดิตถ์,1959943,2556
74,อุทัยธานี,1652950,2556
75,อุบลราชธานี,5387736,2556
76,กระบี่,957304,2557
77,กาญจนบุรี,2382065,2557
78,กาฬสินธุ์,3109735,2557
79,กำแพงเพชร,2585490,2557
80,ขอนแก่น,5270060,2557
81,จันทบุรี,1716292,2557
82,ฉะเชิงเทรา,1765830,2557
83,ชลบุรี,3043960,2557
84,ชัยนาท,839797,2557
85,ชัยภูมิ,3408186,2557
86,ชุมพร,1378087,2557
87,เชียงราย,3839033,2557
88,เชียงใหม่,3858099,2557
89,ตรัง,1717201,2557
90,ตราด,792210,2557
91,ตาก,1850337,2557
92,นครนายก,916381,2557
93,นครปฐม,3143382,2557
94,นครพนม,1937332,2557
95,นครราชสีมา,7897513,2557
96,นครศรีธรรมราช,4095538,2557
97,นครสวรรค์,3525817,2557
98,นนทบุรี,2422296,2557
99,นราธิวาส,1299975,2557
100,น่าน,1911357,2557
101,บึงกาฬ,1166177,2557
102,บุรีรัมย์,4643981,2557
103,ปทุมธานี,1364084,2557
104,ประจวบคีรีขันธ์,1747043,2557
105,ปราจีนบุรี,1461019,2557
106,ปัตตานี,1644050,2557
107,พระนครศรีอยุธยา,2825524,2557
108,พะเยา,1775718,2557
109,พังงา,297342,2557
110,พัทลุง,1266377,2557
111,พิจิตร,2152084,2557
112,พิษณุโลก,3064781,2557
113,เพชรบุรี,1940664,2557
114,เพชรบูรณ์,2571655,2557
115,แพร่,1797865,2557
116,ภูเก็ต,687450,2557
117,มหาสารคาม,2633369,2557
118,มุกดาหาร,456364,2557
119,แม่ฮ่องสอน,850849,2557
120,ยโสธร,1901453,2557
121,ยะลา,624013,2557
122,ร้อยเอ็ด,4043052,2557
123,ระนอง,506481,2557
124,ระยอง,1025401,2557
125,ราชบุรี,2873837,2557
126,ลพบุรี,2048107,2557
127,ลำปาง,2094371,2557
128,ลำพูน,1592726,2557
129,เลย,2330699,2557
130,ศรีสะเกษ,4385546,2557
131,สกลนคร,3565044,2557
132,สงขลา,4063606,2557
133,สตูล,526762,2557
134,สมุทรปราการ,1562426,2557
135,สมุทรสงคราม,519528,2557
136,สมุทรสาคร,1390779,2557
137,สระแก้ว,1074138,2557
138,สระบุรี,478017,2557
139,สิงห์บุรี,940958,2557
140,สุโขทัย,2087130,2557
141,สุพรรณบุรี,3448238,2557
142,สุราษฎร์ธานี,3130546,2557
143,สุรินทร์,3756480,2557
144,หนองคาย,1806662,2557
145,หนองบัวลำภู,1706402,2557
146,อ่างทอง,644061,2557
147,อำนาจเจริญ,1155587,2557
148,อุดรธานี,4580373,2557
149,อุตรดิตถ์,1795748,2557
150,อุทัยธานี,1574061,2557
151,อุบลราชธานี,4883992,2557
152,กระบี่,1388593,2559
153,กาญจนบุรี,3286276,2559
154,กาฬสินธุ์,3662938,2559
155,กำแพงเพชร,2868089,2559
156,ขอนแก่น,6707144,2559
157,จันทบุรี,1866094,2559
158,ฉะเชิงเทรา,2315007,2559
159,ชลบุรี,5231241,2559
160,ชัยนาท,1825641,2559
161,ชัยภูมิ,3733495,2559
162,ชุมพร,1678592,2559
163,เชียงราย,5246422,2559
164,เชียงใหม่,7639537,2559
165,ตรัง,2322405,2559
166,ตราด,901935,2559
167,ตาก,2165398,2559
168,นครนายก,1180026,2559
169,นครปฐม,4096379,2559
170,นครพนม,2397278,2559
171,นครราชสีมา,9583138,2559
172,นครศรีธรรมราช,5587451,2559
173,นครสวรรค์,4579642,2559
174,นนทบุรี,3548300,2559
175,นราธิวาส,2111062,2559
176,น่าน,2182606,2559
177,บึงกาฬ,1382231,2559
178,บุรีรัมย์,5634866,2559
179,ปทุมธานี,2392198,2559
180,ประจวบคีรีขันธ์,2087310,2559
181,ปราจีนบุรี,2091120,2559
182,ปัตตานี,2571753,2559
183,พระนครศรีอยุธยา,3265561,2559
184,พะเยา,2244327,2559
185,พังงา,956303,2559
186,พัทลุง,2158910,2559
187,พิจิตร,2467386,2559
188,พิษณุโลก,3778972,2559
189,เพชรบุรี,2251035,2559
190,เพชรบูรณ์,3233202,2559
191,แพร่,2128830,2559
192,ภูเก็ต,1138548,2559
193,มหาสารคาม,3047458,2559
194,มุกดาหาร,1175352,2559
195,แม่ฮ่องสอน,1009582,2559
196,ยโสธร,1949664,2559
197,ยะลา,1544464,2559
198,ร้อยเอ็ด,5020128,2559
199,ระนอง,628785,2559
200,ระยอง,2301612,2559
201,ราชบุรี,3079399,2559
202,ลพบุรี,1911667,2559
203,ลำปาง,3180271,2559
204,ลำพูน,1947868,2559
205,เลย,2608961,2559
206,ศรีสะเกษ,5018186,2559
207,สกลนคร,4371105,2559
208,สงขลา,4765007,2559
209,สตูล,982346,2559
210,สมุทรปราการ,2854353,2559
211,สมุทรสงคราม,990338,2559
212,สมุทรสาคร,2666789,2559
213,สระแก้ว,1667242,2559
214,สระบุรี,2735240,2559
215,สิงห์บุรี,1080538,2559
216,สุโขทัย,2409872,2559
217,สุพรรณบุรี,3925174,2559
218,สุราษฎร์ธานี,4067177,2559
219,สุรินทร์,4034125,2559
220,หนองคาย,2013150,2559
221,หนองบัวลำภู,1706513,2559
222,อ่างทอง,1483757,2559
223,อำนาจเจริญ,1414471,2559
224,อุดรธานี,5560716,2559
225,อุตรดิตถ์,2108208,2559
226,อุทัยธานี,1868279,2559
227,อุบลราชธานี,6771582,2559
228,กระบี่,1289648,2560
229,กาญจนบุรี,3280597,2560
230,กาฬสินธุ์,3583003,2560
231,กำแพงเพชร,2857414,2560
232,ขอนแก่น,6993546,2560
233,จันทบุรี,1901261,2560
234,ฉะเชิงเทรา,2370599,2560
235,ชลบุรี,4954613,2560
236,ชัยนาท,1833267,2560
237,ชัยภูมิ,3668092,2560
238,ชุมพร,1703310,2560
239,เชียงราย,5130937,2560
240,เชียงใหม่,7641399,2560
241,ตรัง,2371775,2560
242,ตราด,904008,2560
243,ตาก,2182435,2560
244,นครนายก,1098107,2560
245,นครปฐม,3799615,2560
246,นครพนม,2131340,2560
247,นครราชสีมา,9848592,2560
248,นครศรีธรรมราช,5415132,2560
249,นครสวรรค์,4563848,2560
250,นนทบุรี,3515044,2560
251,นราธิวาส,991874,2560
252,น่าน,2232323,2560
253,บึงกาฬ,1287377,2560
254,บุรีรัมย์,5397627,2560
255,ปทุมธานี,2464414,2560
256,ประจวบคีรีขันธ์,2063523,2560
257,ปราจีนบุรี,1919380,2560
258,ปัตตานี,2112067,2560
259,พระนครศรีอยุธยา,3114141,2560
260,พะเยา,2180685,2560
261,พังงา,969584,2560
262,พัทลุง,2204748,2560
263,พิจิตร,2425813,2560
264,พิษณุโลก,3816485,2560
265,เพชรบุรี,2360836,2560
266,เพชรบูรณ์,3137470,2560
267,แพร่,2090809,2560
268,ภูเก็ต,1204564,2560
269,มหาสารคาม,2911199,2560
270,มุกดาหาร,1113350,2560
271,แม่ฮ่องสอน,955600,2560
272,ยโสธร,1902717,2560
273,ยะลา,1667682,2560
274,ร้อยเอ็ด,5115873,2560
275,ระนอง,617303,2560
276,ระยอง,2295099,2560
277,ราชบุรี,3457151,2560
278,ลพบุรี,2825181,2560
279,ลำปาง,3457011,2560
280,ลำพูน,1967010,2560
281,เลย,2513405,2560
282,ศรีสะเกษ,5046481,2560
283,สกลนคร,4226267,2560
284,สงขลา,4890485,2560
285,สตูล,1002261,2560
286,สมุทรปราการ,2882801,2560
287,สมุทรสงคราม,1015314,2560
288,สมุทรสาคร,2417479,2560
289,สระแก้ว,1772991,2560
290,สระบุรี,2588588,2560
291,สิงห์บุรี,1095736,2560
292,สุโขทัย,2102276,2560
293,สุพรรณบุรี,3764171,2560
294,สุราษฎร์ธานี,4253070,2560
295,สุรินทร์,4476725,2560
296,หนองคาย,1949392,2560
297,หนองบัวลำภู,1625094,2560
298,อ่างทอง,1517288,2560
299,อำนาจเจริญ,1487820,2560
300,อุดรธานี,5501699,2560
301,อุตรดิตถ์,2122035,2560
302,อุทัยธานี,1823765,2560
303,อุบลราชธานี,6691617,2560
304,กระบี่,1246366,2561
305,กาญจนบุรี,3214004,2561
306,กาฬสินธุ์,3356022,2561
307,กำแพงเพชร,2812817,2561
308,ขอนแก่น,5544608,2561
309,จันทบุรี,1991994,2561
310,ฉะเชิงเทรา,2734985,2561
311,ชลบุรี,3467681,2561
312,ชัยนาท,1881114,2561
313,ชัยภูมิ,3492274,2561
314,ชุมพร,1606286,2561
315,เชียงราย,4764342,2561
316,เชียงใหม่,5345625,2561
317,ตรัง,2099175,2561
318,ตราด,914921,2561
319,ตาก,2026608,2561
320,นครนายก,1141547,2561
321,นครปฐม,3317899,2561
322,นครพนม,2100996,2561
323,นครราชสีมา,6668454,2561
324,นครศรีธรรมราช,5312859,2561
325,นครสวรรค์,4453075,2561
326,นนทบุรี,3709585,2561
327,นราธิวาส,1212213,2561
328,น่าน,2076375,2561
329,บึงกาฬ,1228069,2561
330,บุรีรัมย์,3480005,2561
331,ปทุมธานี,2545276,2561
332,ประจวบคีรีขันธ์,2020881,2561
333,ปราจีนบุรี,2051015,2561
334,ปัตตานี,1971340,2561
335,พระนครศรีอยุธยา,3156029,2561
336,พะเยา,1975615,2561
337,พังงา,986617,2561
338,พัทลุง,2158648,2561
339,พิจิตร,2306689,2561
340,พิษณุโลก,3594982,2561
341,เพชรบุรี,2126037,2561
342,เพชรบูรณ์,2885865,2561
343,แพร่,1917466,2561
344,ภูเก็ต,1174502,2561
345,มหาสารคาม,2749835,2561
346,มุกดาหาร,1107418,2561
347,แม่ฮ่องสอน,896772,2561
348,ยโสธร,1669658,2561
349,ยะลา,1638631,2561
350,ร้อยเอ็ด,4733762,2561
351,ระนอง,588878,2561
352,ระยอง,2247067,2561
353,ราชบุรี,3267445,2561
354,ลพบุรี,2801858,2561
355,ลำปาง,3169313,2561
356,ลำพูน,1864469,2561
357,เลย,2417603,2561
358,ศรีสะเกษ,4901578,2561
359,สกลนคร,4019173,2561
360,สงขลา,4930703,2561
361,สตูล,977873,2561
362,สมุทรปราการ,3001828,2561
363,สมุทรสงคราม,864174,2561
364,สมุทรสาคร,2510808,2561
365,สระแก้ว,1767109,2561
366,สระบุรี,2798259,2561
367,สิงห์บุรี,1106945,2561
368,สุโขทัย,2257591,2561
369,สุพรรณบุรี,3403128,2561
370,สุราษฎร์ธานี,4052119,2561
371,สุรินทร์,4179998,2561
372,หนองคาย,1793987,2561
373,หนองบัวลำภู,1536207,2561
374,อ่างทอง,1386608,2561
375,อำนาจเจริญ,1368374,2561
376,อุดรธานี,5049921,2561
377,อุตรดิตถ์,1785663,2561
378,อุทัยธานี,1732595,2561
379,อุบลราชธานี,6340921,2561
380,กระบี่,1420358,2562
381,กาญจนบุรี,3623940,2562
382,กาฬสินธุ์,3931891,2562
383,กำแพงเพชร,3083538,2562
384,ขอนแก่น,7741607,2562
385,จันทบุรี,2161553,2562
386,ฉะเชิงเทรา,2823022,2562
387,ชลบุรี,6239622,2562
388,ชัยนาท,1894490,2562
389,ชัยภูมิ,4005910,2562
390,ชุมพร,1847135,2562
391,เชียงราย,5607295,2562
392,เชียงใหม่,8531313,2562
393,ตรัง,2633606,2562
394,ตราด,919104,2562
395,ตาก,2175602,2562
396,นครนายก,1178849,2562
397,นครปฐม,4040174,2562
398,นครพนม,2432712,2562
399,นครราชสีมา,10019504,2562
400,นครศรีธรรมราช,6211519,2562
401,นครสวรรค์,4886658,2562
402,นนทบุรี,4109252,2562
403,นราธิวาส,2667654,2562
404,น่าน,2483404,2562
405,บึงกาฬ,1455391,2562
406,บุรีรัมย์,5877663,2562
407,ปทุมธานี,2896222,2562
408,ประจวบคีรีขันธ์,2288590,2562
409,ปราจีนบุรี,2010859,2562
410,ปัตตานี,2275700,2562
411,พระนครศรีอยุธยา,3196222,2562
412,พะเยา,2325526,2562
413,พังงา,1093659,2562
414,พัทลุง,2506208,2562
415,พิจิตร,2647569,2562
416,พิษณุโลก,4477494,2562
417,เพชรบุรี,2422220,2562
418,เพชรบูรณ์,3371789,2562
419,แพร่,2213488,2562
420,ภูเก็ต,1516484,2562
421,มหาสารคาม,3360529,2562
422,มุกดาหาร,1205362,2562
423,แม่ฮ่องสอน,987991,2562
424,ยะลา,1875312,2562
425,ยโสธร,2001972,2562
426,ระนอง,684856,2562
427,ระยอง,2487998,2562
428,ราชบุรี,3740103,2562
429,ร้อยเอ็ด,5298395,2562
430,ลพบุรี,2803997,2562
431,ลำปาง,3609582,2562
432,ลำพูน,2264643,2562
433,เลย,2756371,2562
434,ศรีสะเกษ,5628325,2562
435,สกลนคร,4517336,2562
436,สงขลา,5564108,2562
437,สตูล,1121091,2562
438,สมุทรปราการ,3215594,2562
439,สมุทรสงคราม,970020,2562
440,สมุทรสาคร,2412177,2562
441,สระบุรี,2756326,2562
442,สระแก้ว,1905162,2562
443,สิงห์บุรี,1144198,2562
444,สุพรรณบุรี,3956595,2562
445,สุราษฎร์ธานี,4582445,2562
446,สุรินทร์,4832961,2562
447,สุโขทัย,2692290,2562
448,หนองคาย,2051034,2562
449,หนองบัวลำภู,1662325,2562
450,อ่างทอง,1363349,2562
451,อำนาจเจริญ,1499456,2562
452,อุดรธานี,5838858,2562
453,อุตรดิตถ์,2227447,2562
454,อุทัยธานี,1947712,2562
455,อุบลราชธานี,7606008,2562
456,กระบี่,1206856,2563
457,กาญจนบุรี,3241499,2563
458,กาฬสินธุ์,3350703,2563
459,กำแพงเพชร,2731633,2563
460,ขอนแก่น,6848821,2563
461,จันทบุรี,1953459,2563
462,ฉะเชิงเทรา,2361590,2563
463,ชลบุรี,5220666,2563
464,ชัยนาท,1656112,2563
465,ชัยภูมิ,3425126,2563
466,ชุมพร,1692205,2563
467,เชียงราย,5048932,2563
468,เชียงใหม่,7480924,2563
469,ตรัง,2238210,2563
470,ตราด,808654,2563
471,ตาก,1924110,2563
472,นครนายก,933714,2563
473,นครปฐม,3373078,2563
474,นครพนม,2204331,2563
475,นครราชสีมา,8810088,2563
476,นครศรีธรรมราช,5327941,2563
477,นครสวรรค์,4469817,2563
478,นนทบุรี,3053295,2563
479,นราธิวาส,2069565,2563
480,น่าน,2105664,2563
481,บึงกาฬ,1254070,2563
482,บุรีรัมย์,4978837,2563
483,ปทุมธานี,2548879,2563
484,ประจวบคีรีขันธ์,2077707,2563
485,ปราจีนบุรี,1921138,2563
486,ปัตตานี,1857266,2563
487,พระนครศรีอยุธยา,2685549,2563
488,พะเยา,2019832,2563
489,พังงา,982787,2563
490,พัทลุง,2171133,2563
491,พิจิตร,2339765,2563
492,พิษณุโลก,4018078,2563
493,เพชรบุรี,2073941,2563
494,เพชรบูรณ์,3005477,2563
495,แพร่,1917096,2563
496,ภูเก็ต,1212526,2563
497,มหาสารคาม,2932171,2563
498,มุกดาหาร,991269,2563
499,แม่ฮ่องสอน,862241,2563
500,ยะลา,1591494,2563
501,ยโสธร,1657972,2563
502,ระนอง,588476,2563
503,ระยอง,2155358,2563
504,ราชบุรี,3160232,2563
505,ร้อยเอ็ด,4621746,2563
506,ลพบุรี,2328387,2563
507,ลำปาง,3246642,2563
508,ลำพูน,1962575,2563
509,เลย,2527550,2563
510,ศรีสะเกษ,5052606,2563
511,สกลนคร,3778867,2563
512,สงขลา,4828275,2563
513,สตูล,978012,2563
514,สมุทรปราการ,2668314,2563
515,สมุทรสงคราม,930028,2563
516,สมุทรสาคร,2177880,2563
517,สระบุรี,2428526,2563
518,สระแก้ว,1612613,2563
519,สิงห์บุรี,987579,2563
520,สุพรรณบุรี,3529825,2563
521,สุราษฎร์ธานี,3961249,2563
522,สุรินทร์,4157960,2563
523,สุโขทัย,2342188,2563
524,หนองคาย,1848350,2563
525,หนองบัวลำภู,1478969,2563
526,อ่างทอง,1159907,2563
527,อำนาจเจริญ,1220505,2563
528,อุดรธานี,5065260,2563
529,อุตรดิตถ์,2016572,2563
530,อุทัยธานี,1688780,2563
531,อุบลราชธานี,6474390,2563
532,กระบี่,991758,2564
533,กาญจนบุรี,2850861,2564
534,กาฬสินธุ์,2784371,2564
535,กำแพงเพชร,2247230,2564
536,ขอนแก่น,5409493,2564
537,จันทบุรี,1517381,2564
538,ฉะเชิงเทรา,1733635,2564
539,ชลบุรี,4236575,2564
540,ชัยนาท,1489887,2564
541,ชัยภูมิ,2938043,2564
542,ชุมพร,1370275,2564
543,เชียงราย,4153990,2564
544,เชียงใหม่,6403209,2564
545,ตรัง,1795359,2564
546,ตราด,626452,2564
547,ตาก,1364492,2564
548,นครนายก,780805,2564
549,นครปฐม,2397761,2564
550,นครพนม,1867906,2564
551,นครราชสีมา,7759510,2564
552,นครศรีธรรมราช,4543157,2564
553,นครสวรรค์,3962201,2564
554,นนทบุรี,2901760,2564
555,นราธิวาส,1594532,2564
556,น่าน,1755091,2564
557,บึงกาฬ,1000008,2564
558,บุรีรัมย์,4140675,2564
559,ปทุมธานี,2053703,2564
560,ประจวบคีรีขันธ์,1861040,2564
561,ปราจีนบุรี,1506857,2564
562,ปัตตานี,1360843,2564
563,พระนครศรีอยุธยา,2064063,2564
564,พะเยา,1886863,2564
565,พังงา,832140,2564
566,พัทลุง,1859029,2564
567,พิจิตร,2052215,2564
568,พิษณุโลก,3425590,2564
569,เพชรบุรี,1717139,2564
570,เพชรบูรณ์,2510285,2564
571,แพร่,1673132,2564
572,ภูเก็ต,1081162,2564
573,มหาสารคาม,2363236,2564
574,มุกดาหาร,867240,2564
575,แม่ฮ่องสอน,804313,2564
576,ยะลา,1141190,2564
577,ยโสธร,1456109,2564
578,ระนอง,521022,2564
579,ระยอง,1700573,2564
580,ราชบุรี,2599487,2564
581,ร้อยเอ็ด,3974671,2564
582,ลพบุรี,1891371,2564
583,ลำปาง,3035681,2564
584,ลำพูน,1579614,2564
585,เลย,2141477,2564
586,ศรีสะเกษ,4415267,2564
587,สกลนคร,3137626,2564
588,สงขลา,3789303,2564
589,สตูล,817485,2564
590,สมุทรปราการ,2101318,2564
591,สมุทรสงคราม,774175,2564
592,สมุทรสาคร,1808540,2564
593,สระบุรี,1942049,2564
594,สระแก้ว,1324077,2564
595,สิงห์บุรี,823680,2564
596,สุพรรณบุรี,2917675,2564
597,สุราษฎร์ธานี,3342696,2564
598,สุรินทร์,3487198,2564
599,สุโขทัย,2162404,2564
600,หนองคาย,1593525,2564
601,หนองบัวลำภู,1200202,2564
602,อ่างทอง,899135,2564
603,อำนาจเจริญ,1047124,2564
604,อุดรธานี,4471466,2564
605,อุตรดิตถ์,1767370,2564
606,อุทัยธานี,1539460,2564
607,อุบลราชธานี,5432083,2564
608,กระบี่,1259039,2565
609,กาญจนบุรี,3306974,2565
610,กาฬสินธุ์,3190485,2565
611,กำแพงเพชร,2655865,2565
612,ขอนแก่น,6517425,2565
613,จันทบุรี,1880130,2565
614,ฉะเชิงเทรา,2230378,2565
615,ชลบุรี,5267553,2565
616,ชัยนาท,1680237,2565
617,ชัยภูมิ,3220833,2565
618,ชุมพร,1638117,2565
619,เชียงราย,4793609,2565
620,เชียงใหม่,7219893,2565
621,ตรัง,2163769,2565
622,ตราด,710396,2565
623,ตาก,1914784,2565
624,นครนายก,902557,2565
625,นครปฐม,3082587,2565
626,นครพนม,1969062,2565
627,นครราชสีมา,9066675,2565
628,นครศรีธรรมราช,5148165,2565
629,นครสวรรค์,4393118,2565
630,นนทบุรี,3711174,2565
631,นราธิวาส,1922134,2565
632,น่าน,2038408,2565
633,บึงกาฬ,1154475,2565
634,บุรีรัมย์,4985773,2565
635,ปทุมธานี,2460597,2565
636,ประจวบคีรีขันธ์,2087796,2565
637,ปราจีนบุรี,1854330,2565
638,ปัตตานี,1574988,2565
639,พระนครศรีอยุธยา,2457617,2565
640,พะเยา,2125239,2565
641,พังงา,955926,2565
642,พัทลุง,2065864,2565
643,พิจิตร,2217066,2565
644,พิษณุโลก,4020615,2565
645,เพชรบุรี,1915262,2565
646,เพชรบูรณ์,2916183,2565
647,แพร่,1985401,2565
648,ภูเก็ต,1290032,2565
649,มหาสารคาม,2752767,2565
650,มุกดาหาร,920005,2565
651,แม่ฮ่องสอน,899200,2565
652,ยะลา,1382728,2565
653,ยโสธร,1575831,2565
654,ระนอง,584171,2565
655,ระยอง,2060351,2565
656,ราชบุรี,2889117,2565
657,ร้อยเอ็ด,4385966,2565
658,ลพบุรี,2284197,2565
659,ลำปาง,3110905,2565
660,ลำพูน,1796244,2565
661,เลย,2354913,2565
662,ศรีสะเกษ,4709680,2565
663,สกลนคร,3568826,2565
664,สงขลา,4613065,2565
665,สตูล,964784,2565
666,สมุทรปราการ,2625270,2565
667,สมุทรสงคราม,841901,2565
668,สมุทรสาคร,2198899,2565
669,สระบุรี,2393026,2565
670,สระแก้ว,1571095,2565
671,สิงห์บุรี,1004509,2565
672,สุพรรณบุรี,3223081,2565
673,สุราษฎร์ธานี,3682619,2565
674,สุรินทร์,4084053,2565
675,สุโขทัย,2458816,2565
676,หนองคาย,1815275,2565
677,หนองบัวลำภู,1200114,2565
678,อ่างทอง,1002582,2565
679,อำนาจเจริญ,1068770,2565
680,อุดรธานี,4998123,2565
681,อุตรดิตถ์,1894572,2565
682,อุทัยธานี,1521726,2565
683,อุบลราชธานี,5986758,2565
684,กระบี่,1019057,2566
685,กาญจนบุรี,3320907,2566
686,กาฬสินธุ์,3378688,2566
687,กำแพงเพชร,2838261,2566
688,ขอนแก่น,6731333,2566
689,จันทบุรี,2051426,2566
690,ฉะเชิงเทรา,2449325,2566
691,ชลบุรี,5779741,2566
692,ชัยนาท,1770897,2566
693,ชัยภูมิ,3562002,2566
694,ชุมพร,1764431,2566
695,เชียงราย,5275997,2566
696,เชียงใหม่,8083821,2566
697,ตรัง,2403762,2566
698,ตราด,824481,2566
699,ตาก,2126667,2566
700,นครนายก,1009937,2566
701,นครปฐม,3103210,2566
702,นครพนม,2116124,2566
703,นครราชสีมา,9853708,2566
704,นครศรีธรรมราช,5836033,2566
705,นครสวรรค์,4682116,2566
706,นนทบุรี,4368265,2566
707,นราธิวาส,2173550,2566
708,น่าน,2304699,2566
709,บึงกาฬ,1281770,2566
710,บุรีรัมย์,5347849,2566
711,ปทุมธานี,2723385,2566
712,ประจวบคีรีขันธ์,2104644,2566
713,ปราจีนบุรี,1908033,2566
714,ปัตตานี,1819910,2566
715,พระนครศรีอยุธยา,2737957,2566
716,พะเยา,2274496,2566
717,พังงา,1052309,2566
718,พัทลุง,2302109,2566
719,พิจิตร,2303040,2566
720,พิษณุโลก,4183392,2566
721,เพชรบุรี,2013542,2566
722,เพชรบูรณ์,3085116,2566
723,แพร่,2052367,2566
724,ภูเก็ต,1395016,2566
725,มหาสารคาม,2946698,2566
726,มุกดาหาร,1066169,2566
727,แม่ฮ่องสอน,971594,2566
728,ยะลา,1587059,2566
729,ยโสธร,1807695,2566
730,ระนอง,653021,2566
731,ระยอง,2308463,2566
732,ราชบุรี,3666505,2566
733,ร้อยเอ็ด,4379353,2566
734,ลพบุรี,2578292,2566
735,ลำปาง,3481750,2566
736,ลำพูน,1965102,2566
737,เลย,2565568,2566
738,ศรีสะเกษ,4967916,2566
739,สกลนคร,4043799,2566
740,สงขลา,5207146,2566
741,สตูล,1075015,2566
742,สมุทรปราการ,3009486,2566
743,สมุทรสงคราม,899926,2566
744,สมุทรสาคร,2670129,2566
745,สระบุรี,2713106,2566
746,สระแก้ว,1674336,2566
747,สิงห์บุรี,1097911,2566
748,สุพรรณบุรี,3434194,2566
749,สุราษฎร์ธานี,4075653,2566
750,สุรินทร์,4451494,2566
751,สุโขทัย,2599901,2566
752,หนองคาย,1849164,2566
753,หนองบัวลำภู,1271819,2566
754,อ่างทอง,1116083,2566
755,อำนาจเจริญ,1281055,2566
756,อุดรธานี,5266125,2566
757,อุตรดิตถ์,2132892,2566
758,อุทัยธานี,1721238,2566
759,อุบลราชธานี,6779226,2566
760,กระบี่,927689,2567
761,กาญจนบุรี,3069600,2567
762,กาฬสินธุ์,3273680,2567
763,กำแพงเพชร,2755856,2567
764,ขอนแก่น,6123415,2567
765,จันทบุรี,1870443,2567
766,ฉะเชิงเทรา,2265259,2567
767,ชลบุรี,5064553,2567
768,ชัยนาท,1630001,2567
769,ชัยภูมิ,3148887,2567
770,ชุมพร,1700590,2567
771,เชียงราย,4569157,2567
772,เชียงใหม่,6964724,2567
773,ตรัง,2180325,2567
774,ตราด,779293,2567
775,ตาก,2036452,2567
776,นครนายก,938403,2567
777,นครปฐม,2490316,2567
778,นครพนม,2154322,2567
779,นครราชสีมา,8294500,2567
780,นครศรีธรรมราช,5510031,2567
781,นครสวรรค์,4265926,2567
782,นนทบุรี,3776009,2567
783,นราธิวาส,2142723,2567
784,น่าน,2004080,2567
785,บึงกาฬ,1252087,2567
786,บุรีรัมย์,4959841,2567
787,ปทุมธานี,2410309,2567
788,ประจวบคีรีขันธ์,1798804,2567
789,ปราจีนบุรี,1753321,2567
790,ปัตตานี,1643456,2567
791,พระนครศรีอยุธยา,2580110,2567
792,พะเยา,1987495,2567
793,พังงา,961913,2567
794,พัทลุง,2156298,2567
795,พิจิตร,2106584,2567
796,พิษณุโลก,3834232,2567
797,เพชรบุรี,1745272,2567
798,เพชรบูรณ์,3211189,2567
799,แพร่,1873193,2567
800,ภูเก็ต,1289900,2567
801,มหาสารคาม,2690940,2567
802,มุกดาหาร,1096580,2567
803,แม่ฮ่องสอน,914187,2567
804,ยะลา,1518835,2567
805,ยโสธร,1710987,2567
806,ระนอง,622510,2567
807,ระยอง,1962216,2567
808,ราชบุรี,3392130,2567
809,ร้อยเอ็ด,4125211,2567
810,ลพบุรี,2487489,2567
811,ลำปาง,3259169,2567
812,ลำพูน,1741869,2567
813,เลย,2530043,2567
814,ศรีสะเกษ,4851032,2567
815,สกลนคร,3951321,2567
816,สงขลา,4347898,2567
817,สตูล,1002092,2567
818,สมุทรปราการ,2709959,2567
819,สมุทรสงคราม,877154,2567
820,สมุทรสาคร,2542002,2567
821,สระบุรี,2488045,2567
822,สระแก้ว,1671836,2567
823,สิงห์บุรี,1095255,2567
824,สุพรรณบุรี,3214510,2567
825,สุราษฎร์ธานี,3846374,2567
826,สุรินทร์,4065032,2567
827,สุโขทัย,2525196,2567
828,หนองคาย,1601849,2567
829,หนองบัวลำภู,1167934,2567
830,อ่างทอง,1079977,2567
831,อำนาจเจริญ,1343575,2567
832,อุดรธานี,5369440,2567
833,อุตรดิตถ์,2104747,2567
834,อุทัยธานี,1627107,2567
835,อุบลราชธานี,6279147,2567
