,ปี,จังหวัด,จำนวน,province_en,area_sqkm
0,2554,กระบี่,647,krabi,5319.41524737463
1,2554,กรุงเทพมหานคร,22133,bangkok,1566.57785515371
2,2554,กาญจนบุรี,1196,kanchanaburi,19405.04297919269
3,2554,กาฬสินธุ์,1216,kalasin,6898.98345578631
4,2554,กำแพงเพชร,825,kamphaengphet,8520.49476797851
5,2554,ขอนแก่น,3980,khonkaen,10629.00058294659
6,2554,จันทบุรี,1414,chanthaburi,6404.21977766077
7,2554,ฉะเชิงเทรา,1081,chachoengsao,5166.90358063618
8,2554,ชลบุรี,3900,chonburi,4510.47957863486
9,2554,ชัยนาท,696,chainat,2511.79747645949
10,2554,ชัยภูมิ,1312,chaiyaphum,12679.25394167537
11,2554,ชุมพร,909,chumphon,6010.28780369493
12,2554,ตรัง,1228,trang,4733.67163479885
13,2554,ตราด,665,trat,2852.41686477382
14,2554,ตาก,942,tak,17318.85703133057
15,2554,นครนายก,892,nakhonnayok,2139.67123307373
16,2554,นครปฐม,1534,nakhonpathom,2141.72859749704
17,2554,นครพนม,943,nakhonphanom,5591.2248017037
18,2554,นครราชสีมา,3608,nakhonratchasima,20688.81885376943
19,2554,นครศรีธรรมราช,2339,nakhonsithammarat,9892.39155890953
20,2554,นครสวรรค์,1780,nakhonsawan,9529.875918751
21,2554,นนทบุรี,2054,nonthaburi,640.29422318966
22,2554,นราธิวาส,1194,narathiwat,4487.14355388134
23,2554,น่าน,1064,nan,12165.11409446458
24,2554,บึงกาฬ,435,buengkan,3979.54529298928
25,2554,บุรีรัมย์,1900,buriram,10047.11268203788
26,2554,ปทุมธานี,1648,pathumthani,1521.51426750265
27,2554,ประจวบคีรีขันธ์,895,prachuapkhirikhan,6427.18463137311
28,2554,ปราจีนบุรี,837,prachinburi,5020.33579717407
29,2554,ปัตตานี,861,pattani,1975.95499697954
30,2554,พระนครศรีอยุธยา,1387,phranakhonsiayutthaya,2547.00670486463
31,2554,พะเยา,1151,phayao,6189.63595036332
32,2554,พังงา,679,phangnga,4580.06905945326
33,2554,พัทลุง,1043,phatthalung,3858.38806176758
34,2554,พิจิตร,824,phichit,4318.65126180923
35,2554,พิษณุโลก,2073,phitsanulok,10598.92285961757
36,2554,ภูเก็ต,1108,phuket,550.09843869971
37,2554,มหาสารคาม,1402,mahasarakham,5582.58568113667
38,2554,มุกดาหาร,545,mukdahan,4092.96993557997
39,2554,ยะลา,1349,yala,4467.26894141248
40,2554,ยโสธร,804,yasothon,4096.15430996103
41,2554,ระนอง,458,ranong,3223.65325675301
42,2554,ระยอง,1310,rayong,3665.05762206486
43,2554,ราชบุรี,2028,ratchaburi,5193.5302239491
44,2554,ร้อยเอ็ด,1624,roiet,7831.5106648173
45,2554,ลพบุรี,1443,lopburi,6501.03118525925
46,2554,ลำปาง,1746,lampang,12500.43740698581
47,2554,ลำพูน,823,lamphun,4481.18815811357
48,2554,ศรีสะเกษ,1544,sisaket,8869.49885872576
49,2554,สกลนคร,1425,sakonnakhon,9525.60546877644
50,2554,สงขลา,4006,songkhla,7745.41218398206
51,2554,สตูล,671,satun,3011.55865450342
52,2554,สมุทรปราการ,1565,samutprakan,965.96104508808
53,2554,สมุทรสงคราม,496,samutsongkhram,412.48672828899
54,2554,สมุทรสาคร,1178,samutsakhon,866.06545786264
55,2554,สระบุรี,1691,saraburi,3487.650451485
56,2554,สระแก้ว,640,sakaeo,6815.11503498248
57,2554,สิงห์บุรี,780,singburi,818.42840644624
58,2554,สุพรรณบุรี,1585,suphanburi,5409.26108410415
59,2554,สุราษฎร์ธานี,2308,suratthani,13086.21372902809
60,2554,สุรินทร์,1559,surin,8809.93517776871
61,2554,สุโขทัย,1034,sukhothai,6672.34183636511
62,2554,หนองคาย,746,nongkhai,3264.2368570057
63,2554,หนองบัวลำภู,450,nongbualamphu,4091.19415926986
64,2554,อำนาจเจริญ,526,amnatcharoen,3262.61378799809
65,2554,อุดรธานี,2058,udonthani,11032.27063166398
66,2554,อุตรดิตถ์,970,uttaradit,7867.48028212876
67,2554,อุทัยธานี,620,uthaithani,6649.64380504946
68,2554,อุบลราชธานี,3433,ubonratchathani,15472.47978609577
69,2554,อ่างทอง,644,angthong,948.98724583937
70,2554,เชียงราย,1963,chiangrai,11583.01236533042
71,2554,เชียงใหม่,5170,chiangmai,22056.88731834835
72,2554,เพชรบุรี,1044,phetchaburi,6173.00173882862
73,2554,เพชรบูรณ์,1131,phetchabun,12333.1560788834
74,2554,เลย,926,loei,10490.07923183725
75,2554,แพร่,976,phrae,6484.53249747241
76,2554,แม่ฮ่องสอน,452,maehongson,12784.28056691474
77,2555,กระบี่,597,krabi,5319.41524737463
78,2555,กรุงเทพมหานคร,23752,bangkok,1566.57785515371
79,2555,กาญจนบุรี,1149,kanchanaburi,19405.04297919269
80,2555,กาฬสินธุ์,1011,kalasin,6898.98345578631
81,2555,กำแพงเพชร,944,kamphaengphet,8520.49476797851
82,2555,ขอนแก่น,3754,khonkaen,10629.00058294659
83,2555,จันทบุรี,1364,chanthaburi,6404.21977766077
84,2555,ฉะเชิงเทรา,1208,chachoengsao,5166.90358063618
85,2555,ชลบุรี,4128,chonburi,4510.47957863486
86,2555,ชัยนาท,739,chainat,2511.79747645949
87,2555,ชัยภูมิ,1467,chaiyaphum,12679.25394167537
88,2555,ชุมพร,923,chumphon,6010.28780369493
89,2555,ตรัง,1212,trang,4733.67163479885
90,2555,ตราด,654,trat,2852.41686477382
91,2555,ตาก,848,tak,17318.85703133057
92,2555,นครนายก,890,nakhonnayok,2139.67123307373
93,2555,นครปฐม,1611,nakhonpathom,2141.72859749704
94,2555,นครพนม,944,nakhonphanom,5591.2248017037
95,2555,นครราชสีมา,3401,nakhonratchasima,20688.81885376943
96,2555,นครศรีธรรมราช,2317,nakhonsithammarat,9892.39155890953
97,2555,นครสวรรค์,1697,nakhonsawan,9529.875918751
98,2555,นนทบุรี,2344,nonthaburi,640.29422318966
99,2555,นราธิวาส,1247,narathiwat,4487.14355388134
100,2555,น่าน,1080,nan,12165.11409446458
101,2555,บึงกาฬ,501,buengkan,3979.54529298928
102,2555,บุรีรัมย์,1847,buriram,10047.11268203788
103,2555,ปทุมธานี,1838,pathumthani,1521.51426750265
104,2555,ประจวบคีรีขันธ์,759,prachuapkhirikhan,6427.18463137311
105,2555,ปราจีนบุรี,836,prachinburi,5020.33579717407
106,2555,ปัตตานี,855,pattani,1975.95499697954
107,2555,พระนครศรีอยุธยา,1367,phranakhonsiayutthaya,2547.00670486463
108,2555,พะเยา,1209,phayao,6189.63595036332
109,2555,พังงา,679,phangnga,4580.06905945326
110,2555,พัทลุง,1040,phatthalung,3858.38806176758
111,2555,พิจิตร,827,phichit,4318.65126180923
112,2555,พิษณุโลก,2109,phitsanulok,10598.92285961757
113,2555,ภูเก็ต,1132,phuket,550.09843869971
114,2555,มหาสารคาม,1308,mahasarakham,5582.58568113667
115,2555,มุกดาหาร,546,mukdahan,4092.96993557997
116,2555,ยะลา,1357,yala,4467.26894141248
117,2555,ยโสธร,735,yasothon,4096.15430996103
118,2555,ระนอง,446,ranong,3223.65325675301
119,2555,ระยอง,1302,rayong,3665.05762206486
120,2555,ราชบุรี,2014,ratchaburi,5193.5302239491
121,2555,ร้อยเอ็ด,1335,roiet,7831.5106648173
122,2555,ลพบุรี,1554,lopburi,6501.03118525925
123,2555,ลำปาง,1871,lampang,12500.43740698581
124,2555,ลำพูน,745,lamphun,4481.18815811357
125,2555,ศรีสะเกษ,1585,sisaket,8869.49885872576
126,2555,สกลนคร,1342,sakonnakhon,9525.60546877644
127,2555,สงขลา,3987,songkhla,7745.41218398206
128,2555,สตูล,683,satun,3011.55865450342
129,2555,สมุทรปราการ,1614,samutprakan,965.96104508808
130,2555,สมุทรสงคราม,487,samutsongkhram,412.48672828899
131,2555,สมุทรสาคร,1110,samutsakhon,866.06545786264
132,2555,สระบุรี,1671,saraburi,3487.650451485
133,2555,สระแก้ว,575,sakaeo,6815.11503498248
134,2555,สิงห์บุรี,778,singburi,818.42840644624
135,2555,สุพรรณบุรี,1585,suphanburi,5409.26108410415
136,2555,สุราษฎร์ธานี,2130,suratthani,13086.21372902809
137,2555,สุรินทร์,1526,surin,8809.93517776871
138,2555,สุโขทัย,1016,sukhothai,6672.34183636511
139,2555,หนองคาย,747,nongkhai,3264.2368570057
140,2555,หนองบัวลำภู,473,nongbualamphu,4091.19415926986
141,2555,อำนาจเจริญ,503,amnatcharoen,3262.61378799809
142,2555,อุดรธานี,2074,udonthani,11032.27063166398
143,2555,อุตรดิตถ์,887,uttaradit,7867.48028212876
144,2555,อุทัยธานี,630,uthaithani,6649.64380504946
145,2555,อุบลราชธานี,2424,ubonratchathani,15472.47978609577
146,2555,อ่างทอง,711,angthong,948.98724583937
147,2555,เชียงราย,1946,chiangrai,11583.01236533042
148,2555,เชียงใหม่,5215,chiangmai,22056.88731834835
149,2555,เพชรบุรี,1020,phetchaburi,6173.00173882862
150,2555,เพชรบูรณ์,1126,phetchabun,12333.1560788834
151,2555,เลย,920,loei,10490.07923183725
152,2555,แพร่,881,phrae,6484.53249747241
153,2555,แม่ฮ่องสอน,444,maehongson,12784.28056691474
154,2556,กระบี่,584,krabi,5319.41524737463
155,2556,กรุงเทพมหานคร,23680,bangkok,1566.57785515371
156,2556,กาญจนบุรี,1148,kanchanaburi,19405.04297919269
157,2556,กาฬสินธุ์,1401,kalasin,6898.98345578631
158,2556,กำแพงเพชร,788,kamphaengphet,8520.49476797851
159,2556,ขอนแก่น,4977,khonkaen,10629.00058294659
160,2556,จันทบุรี,1473,chanthaburi,6404.21977766077
161,2556,ฉะเชิงเทรา,1142,chachoengsao,5166.90358063618
162,2556,ชลบุรี,4278,chonburi,4510.47957863486
163,2556,ชัยนาท,690,chainat,2511.79747645949
164,2556,ชัยภูมิ,1501,chaiyaphum,12679.25394167537
165,2556,ชุมพร,851,chumphon,6010.28780369493
166,2556,ตรัง,1137,trang,4733.67163479885
167,2556,ตราด,650,trat,2852.41686477382
168,2556,ตาก,845,tak,17318.85703133057
169,2556,นครนายก,917,nakhonnayok,2139.67123307373
170,2556,นครปฐม,1461,nakhonpathom,2141.72859749704
171,2556,นครพนม,1106,nakhonphanom,5591.2248017037
172,2556,นครราชสีมา,3843,nakhonratchasima,20688.81885376943
173,2556,นครศรีธรรมราช,2167,nakhonsithammarat,9892.39155890953
174,2556,นครสวรรค์,1519,nakhonsawan,9529.875918751
175,2556,นนทบุรี,2258,nonthaburi,640.29422318966
176,2556,นราธิวาส,1888,narathiwat,4487.14355388134
177,2556,น่าน,936,nan,12165.11409446458
178,2556,บึงกาฬ,359,buengkan,3979.54529298928
179,2556,บุรีรัมย์,1962,buriram,10047.11268203788
180,2556,ปทุมธานี,1856,pathumthani,1521.51426750265
181,2556,ประจวบคีรีขันธ์,761,prachuapkhirikhan,6427.18463137311
182,2556,ปราจีนบุรี,902,prachinburi,5020.33579717407
183,2556,ปัตตานี,1507,pattani,1975.95499697954
184,2556,พระนครศรีอยุธยา,1501,phranakhonsiayutthaya,2547.00670486463
185,2556,พะเยา,1071,phayao,6189.63595036332
186,2556,พังงา,650,phangnga,4580.06905945326
187,2556,พัทลุง,948,phatthalung,3858.38806176758
188,2556,พิจิตร,823,phichit,4318.65126180923
189,2556,พิษณุโลก,1780,phitsanulok,10598.92285961757
190,2556,ภูเก็ต,927,phuket,550.09843869971
191,2556,มหาสารคาม,1409,mahasarakham,5582.58568113667
192,2556,มุกดาหาร,614,mukdahan,4092.96993557997
193,2556,ยะลา,1537,yala,4467.26894141248
194,2556,ยโสธร,858,yasothon,4096.15430996103
195,2556,ระนอง,440,ranong,3223.65325675301
196,2556,ระยอง,1432,rayong,3665.05762206486
197,2556,ราชบุรี,1964,ratchaburi,5193.5302239491
198,2556,ร้อยเอ็ด,1830,roiet,7831.5106648173
199,2556,ลพบุรี,1422,lopburi,6501.03118525925
200,2556,ลำปาง,1645,lampang,12500.43740698581
201,2556,ลำพูน,775,lamphun,4481.18815811357
202,2556,ศรีสะเกษ,1785,sisaket,8869.49885872576
203,2556,สกลนคร,1564,sakonnakhon,9525.60546877644
204,2556,สงขลา,4185,songkhla,7745.41218398206
205,2556,สตูล,663,satun,3011.55865450342
206,2556,สมุทรปราการ,1161,samutprakan,965.96104508808
207,2556,สมุทรสงคราม,503,samutsongkhram,412.48672828899
208,2556,สมุทรสาคร,985,samutsakhon,866.06545786264
209,2556,สระบุรี,1674,saraburi,3487.650451485
210,2556,สระแก้ว,743,sakaeo,6815.11503498248
211,2556,สิงห์บุรี,781,singburi,818.42840644624
212,2556,สุพรรณบุรี,1423,suphanburi,5409.26108410415
213,2556,สุราษฎร์ธานี,2039,suratthani,13086.21372902809
214,2556,สุรินทร์,1651,surin,8809.93517776871
215,2556,สุโขทัย,974,sukhothai,6672.34183636511
216,2556,หนองคาย,793,nongkhai,3264.2368570057
217,2556,หนองบัวลำภู,560,nongbualamphu,4091.19415926986
218,2556,อำนาจเจริญ,587,amnatcharoen,3262.61378799809
219,2556,อุดรธานี,2279,udonthani,11032.27063166398
220,2556,อุตรดิตถ์,874,uttaradit,7867.48028212876
221,2556,อุทัยธานี,604,uthaithani,6649.64380504946
222,2556,อุบลราชธานี,3514,ubonratchathani,15472.47978609577
223,2556,อ่างทอง,735,angthong,948.98724583937
224,2556,เชียงราย,1482,chiangrai,11583.01236533042
225,2556,เชียงใหม่,5181,chiangmai,22056.88731834835
226,2556,เพชรบุรี,936,phetchaburi,6173.00173882862
227,2556,เพชรบูรณ์,1008,phetchabun,12333.1560788834
228,2556,เลย,1078,loei,10490.07923183725
229,2556,แพร่,923,phrae,6484.53249747241
230,2556,แม่ฮ่องสอน,451,maehongson,12784.28056691474
231,2557,กระบี่,1010,krabi,5319.41524737463
232,2557,กรุงเทพมหานคร,28088,bangkok,1566.57785515371
233,2557,กาญจนบุรี,1383,kanchanaburi,19405.04297919269
234,2557,กาฬสินธุ์,1502,kalasin,6898.98345578631
235,2557,กำแพงเพชร,726,kamphaengphet,8520.49476797851
236,2557,ขอนแก่น,5206,khonkaen,10629.00058294659
237,2557,จันทบุรี,1494,chanthaburi,6404.21977766077
238,2557,ฉะเชิงเทรา,1270,chachoengsao,5166.90358063618
239,2557,ชลบุรี,4336,chonburi,4510.47957863486
240,2557,ชัยนาท,1043,chainat,2511.79747645949
241,2557,ชัยภูมิ,1657,chaiyaphum,12679.25394167537
242,2557,ชุมพร,2587,chumphon,6010.28780369493
243,2557,ตรัง,1088,trang,4733.67163479885
244,2557,ตราด,683,trat,2852.41686477382
245,2557,ตาก,1040,tak,17318.85703133057
246,2557,นครนายก,931,nakhonnayok,2139.67123307373
247,2557,นครปฐม,1812,nakhonpathom,2141.72859749704
248,2557,นครพนม,609,nakhonphanom,5591.2248017037
249,2557,นครราชสีมา,4529,nakhonratchasima,20688.81885376943
250,2557,นครศรีธรรมราช,2744,nakhonsithammarat,9892.39155890953
251,2557,นครสวรรค์,956,nakhonsawan,9529.875918751
252,2557,นนทบุรี,2356,nonthaburi,640.29422318966
253,2557,นราธิวาส,1411,narathiwat,4487.14355388134
254,2557,น่าน,1297,nan,12165.11409446458
255,2557,บึงกาฬ,1152,buengkan,3979.54529298928
256,2557,บุรีรัมย์,2223,buriram,10047.11268203788
257,2557,ปทุมธานี,1904,pathumthani,1521.51426750265
258,2557,ประจวบคีรีขันธ์,2131,prachuapkhirikhan,6427.18463137311
259,2557,ปราจีนบุรี,1001,prachinburi,5020.33579717407
260,2557,ปัตตานี,2011,pattani,1975.95499697954
261,2557,พระนครศรีอยุธยา,1556,phranakhonsiayutthaya,2547.00670486463
262,2557,พะเยา,1105,phayao,6189.63595036332
263,2557,พังงา,745,phangnga,4580.06905945326
264,2557,พัทลุง,1542,phatthalung,3858.38806176758
265,2557,พิจิตร,1759,phichit,4318.65126180923
266,2557,พิษณุโลก,2203,phitsanulok,10598.92285961757
267,2557,ภูเก็ต,716,phuket,550.09843869971
268,2557,มหาสารคาม,1606,mahasarakham,5582.58568113667
269,2557,มุกดาหาร,628,mukdahan,4092.96993557997
270,2557,ยะลา,1656,yala,4467.26894141248
271,2557,ยโสธร,922,yasothon,4096.15430996103
272,2557,ระนอง,1090,ranong,3223.65325675301
273,2557,ระยอง,1524,rayong,3665.05762206486
274,2557,ราชบุรี,986,ratchaburi,5193.5302239491
275,2557,ร้อยเอ็ด,1968,roiet,7831.5106648173
276,2557,ลพบุรี,1648,lopburi,6501.03118525925
277,2557,ลำปาง,2043,lampang,12500.43740698581
278,2557,ลำพูน,940,lamphun,4481.18815811357
279,2557,ศรีสะเกษ,1842,sisaket,8869.49885872576
280,2557,สกลนคร,666,sakonnakhon,9525.60546877644
281,2557,สงขลา,4486,songkhla,7745.41218398206
282,2557,สตูล,756,satun,3011.55865450342
283,2557,สมุทรปราการ,1810,samutprakan,965.96104508808
284,2557,สมุทรสงคราม,1070,samutsongkhram,412.48672828899
285,2557,สมุทรสาคร,540,samutsakhon,866.06545786264
286,2557,สระบุรี,1566,saraburi,3487.650451485
287,2557,สระแก้ว,764,sakaeo,6815.11503498248
288,2557,สิงห์บุรี,800,singburi,818.42840644624
289,2557,สุพรรณบุรี,1370,suphanburi,5409.26108410415
290,2557,สุราษฎร์ธานี,474,suratthani,13086.21372902809
291,2557,สุรินทร์,1879,surin,8809.93517776871
292,2557,สุโขทัย,1103,sukhothai,6672.34183636511
293,2557,หนองคาย,2576,nongkhai,3264.2368570057
294,2557,หนองบัวลำภู,1189,nongbualamphu,4091.19415926986
295,2557,อำนาจเจริญ,3675,amnatcharoen,3262.61378799809
296,2557,อุดรธานี,1720,udonthani,11032.27063166398
297,2557,อุตรดิตถ์,1092,uttaradit,7867.48028212876
298,2557,อุทัยธานี,689,uthaithani,6649.64380504946
299,2557,อุบลราชธานี,617,ubonratchathani,15472.47978609577
300,2557,อ่างทอง,737,angthong,948.98724583937
301,2557,เชียงราย,2156,chiangrai,11583.01236533042
302,2557,เชียงใหม่,1238,chiangmai,22056.88731834835
303,2557,เพชรบุรี,1715,phetchaburi,6173.00173882862
304,2557,เพชรบูรณ์,1514,phetchabun,12333.1560788834
305,2557,เลย,851,loei,10490.07923183725
306,2557,แพร่,5667,phrae,6484.53249747241
307,2557,แม่ฮ่องสอน,534,maehongson,12784.28056691474
308,2558,กระบี่,790,krabi,5319.41524737463
309,2558,กรุงเทพมหานคร,27558,bangkok,1566.57785515371
310,2558,กาญจนบุรี,1361,kanchanaburi,19405.04297919269
311,2558,กาฬสินธุ์,1523,kalasin,6898.98345578631
312,2558,กำแพงเพชร,991,kamphaengphet,8520.49476797851
313,2558,ขอนแก่น,5220,khonkaen,10629.00058294659
314,2558,จันทบุรี,1566,chanthaburi,6404.21977766077
315,2558,ฉะเชิงเทรา,1257,chachoengsao,5166.90358063618
316,2558,ชลบุรี,4339,chonburi,4510.47957863486
317,2558,ชัยนาท,719,chainat,2511.79747645949
318,2558,ชัยภูมิ,1596,chaiyaphum,12679.25394167537
319,2558,ชุมพร,1034,chumphon,6010.28780369493
320,2558,ตรัง,1439,trang,4733.67163479885
321,2558,ตราด,662,trat,2852.41686477382
322,2558,ตาก,1083,tak,17318.85703133057
323,2558,นครนายก,962,nakhonnayok,2139.67123307373
324,2558,นครปฐม,1915,nakhonpathom,2141.72859749704
325,2558,นครพนม,1124,nakhonphanom,5591.2248017037
326,2558,นครราชสีมา,4511,nakhonratchasima,20688.81885376943
327,2558,นครศรีธรรมราช,2594,nakhonsithammarat,9892.39155890953
328,2558,นครสวรรค์,1835,nakhonsawan,9529.875918751
329,2558,นนทบุรี,2567,nonthaburi,640.29422318966
330,2558,นราธิวาส,2032,narathiwat,4487.14355388134
331,2558,น่าน,1207,nan,12165.11409446458
332,2558,บึงกาฬ,539,buengkan,3979.54529298928
333,2558,บุรีรัมย์,2231,buriram,10047.11268203788
334,2558,ปทุมธานี,1881,pathumthani,1521.51426750265
335,2558,ประจวบคีรีขันธ์,969,prachuapkhirikhan,6427.18463137311
336,2558,ปราจีนบุรี,1112,prachinburi,5020.33579717407
337,2558,ปัตตานี,1843,pattani,1975.95499697954
338,2558,พระนครศรีอยุธยา,1535,phranakhonsiayutthaya,2547.00670486463
339,2558,พะเยา,1237,phayao,6189.63595036332
340,2558,พังงา,706,phangnga,4580.06905945326
341,2558,พัทลุง,1101,phatthalung,3858.38806176758
342,2558,พิจิตร,946,phichit,4318.65126180923
343,2558,พิษณุโลก,2244,phitsanulok,10598.92285961757
344,2558,ภูเก็ต,1150,phuket,550.09843869971
345,2558,มหาสารคาม,1529,mahasarakham,5582.58568113667
346,2558,มุกดาหาร,644,mukdahan,4092.96993557997
347,2558,ยะลา,1674,yala,4467.26894141248
348,2558,ยโสธร,889,yasothon,4096.15430996103
349,2558,ระนอง,470,ranong,3223.65325675301
350,2558,ระยอง,1568,rayong,3665.05762206486
351,2558,ราชบุรี,2161,ratchaburi,5193.5302239491
352,2558,ร้อยเอ็ด,1908,roiet,7831.5106648173
353,2558,ลพบุรี,1577,lopburi,6501.03118525925
354,2558,ลำปาง,1982,lampang,12500.43740698581
355,2558,ลำพูน,943,lamphun,4481.18815811357
356,2558,ศรีสะเกษ,1808,sisaket,8869.49885872576
357,2558,สกลนคร,1665,sakonnakhon,9525.60546877644
358,2558,สงขลา,4498,songkhla,7745.41218398206
359,2558,สตูล,761,satun,3011.55865450342
360,2558,สมุทรปราการ,1792,samutprakan,965.96104508808
361,2558,สมุทรสงคราม,537,samutsongkhram,412.48672828899
362,2558,สมุทรสาคร,1328,samutsakhon,866.06545786264
363,2558,สระบุรี,1698,saraburi,3487.650451485
364,2558,สระแก้ว,756,sakaeo,6815.11503498248
365,2558,สิงห์บุรี,777,singburi,818.42840644624
366,2558,สุพรรณบุรี,1706,suphanburi,5409.26108410415
367,2558,สุราษฎร์ธานี,2619,suratthani,13086.21372902809
368,2558,สุรินทร์,1839,surin,8809.93517776871
369,2558,สุโขทัย,1102,sukhothai,6672.34183636511
370,2558,หนองคาย,879,nongkhai,3264.2368570057
371,2558,หนองบัวลำภู,626,nongbualamphu,4091.19415926986
372,2558,อำนาจเจริญ,619,amnatcharoen,3262.61378799809
373,2558,อุดรธานี,2496,udonthani,11032.27063166398
374,2558,อุตรดิตถ์,1066,uttaradit,7867.48028212876
375,2558,อุทัยธานี,674,uthaithani,6649.64380504946
376,2558,อุบลราชธานี,3514,ubonratchathani,15472.47978609577
377,2558,อ่างทอง,717,angthong,948.98724583937
378,2558,เชียงราย,2240,chiangrai,11583.01236533042
379,2558,เชียงใหม่,5516,chiangmai,22056.88731834835
380,2558,เพชรบุรี,1061,phetchaburi,6173.00173882862
381,2558,เพชรบูรณ์,1362,phetchabun,12333.1560788834
382,2558,เลย,1112,loei,10490.07923183725
383,2558,แพร่,1044,phrae,6484.53249747241
384,2558,แม่ฮ่องสอน,510,maehongson,12784.28056691474
385,2559,กระบี่,794,krabi,5319.41524737463
386,2559,กรุงเทพมหานคร,28905,bangkok,1566.57785515371
387,2559,กาญจนบุรี,1447,kanchanaburi,19405.04297919269
388,2559,กาฬสินธุ์,1513,kalasin,6898.98345578631
389,2559,กำแพงเพชร,1018,kamphaengphet,8520.49476797851
390,2559,ขอนแก่น,5227,khonkaen,10629.00058294659
391,2559,จันทบุรี,1518,chanthaburi,6404.21977766077
392,2559,ฉะเชิงเทรา,1274,chachoengsao,5166.90358063618
393,2559,ชลบุรี,4550,chonburi,4510.47957863486
394,2559,ชัยนาท,710,chainat,2511.79747645949
395,2559,ชัยภูมิ,1678,chaiyaphum,12679.25394167537
396,2559,ชุมพร,1073,chumphon,6010.28780369493
397,2559,ตรัง,1449,trang,4733.67163479885
398,2559,ตราด,641,trat,2852.41686477382
399,2559,ตาก,1097,tak,17318.85703133057
400,2559,นครนายก,720,nakhonnayok,2139.67123307373
401,2559,นครปฐม,1938,nakhonpathom,2141.72859749704
402,2559,นครพนม,1173,nakhonphanom,5591.2248017037
403,2559,นครราชสีมา,4436,nakhonratchasima,20688.81885376943
404,2559,นครศรีธรรมราช,2655,nakhonsithammarat,9892.39155890953
405,2559,นครสวรรค์,1874,nakhonsawan,9529.875918751
406,2559,นนทบุรี,999,nonthaburi,640.29422318966
407,2559,นราธิวาส,2045,narathiwat,4487.14355388134
408,2559,น่าน,1241,nan,12165.11409446458
409,2559,บึงกาฬ,559,buengkan,3979.54529298928
410,2559,บุรีรัมย์,2312,buriram,10047.11268203788
411,2559,ปทุมธานี,2479,pathumthani,1521.51426750265
412,2559,ประจวบคีรีขันธ์,983,prachuapkhirikhan,6427.18463137311
413,2559,ปราจีนบุรี,1121,prachinburi,5020.33579717407
414,2559,ปัตตานี,1850,pattani,1975.95499697954
415,2559,พระนครศรีอยุธยา,2026,phranakhonsiayutthaya,2547.00670486463
416,2559,พะเยา,1256,phayao,6189.63595036332
417,2559,พังงา,715,phangnga,4580.06905945326
418,2559,พัทลุง,1115,phatthalung,3858.38806176758
419,2559,พิจิตร,954,phichit,4318.65126180923
420,2559,พิษณุโลก,2483,phitsanulok,10598.92285961757
421,2559,ภูเก็ต,1206,phuket,550.09843869971
422,2559,มหาสารคาม,1635,mahasarakham,5582.58568113667
423,2559,มุกดาหาร,646,mukdahan,4092.96993557997
424,2559,ยะลา,1659,yala,4467.26894141248
425,2559,ยโสธร,876,yasothon,4096.15430996103
426,2559,ระนอง,467,ranong,3223.65325675301
427,2559,ระยอง,1731,rayong,3665.05762206486
428,2559,ราชบุรี,2109,ratchaburi,5193.5302239491
429,2559,ร้อยเอ็ด,1983,roiet,7831.5106648173
430,2559,ลพบุรี,1565,lopburi,6501.03118525925
431,2559,ลำปาง,2030,lampang,12500.43740698581
432,2559,ลำพูน,972,lamphun,4481.18815811357
433,2559,ศรีสะเกษ,1815,sisaket,8869.49885872576
434,2559,สกลนคร,1848,sakonnakhon,9525.60546877644
435,2559,สงขลา,4795,songkhla,7745.41218398206
436,2559,สตูล,741,satun,3011.55865450342
437,2559,สมุทรปราการ,1960,samutprakan,965.96104508808
438,2559,สมุทรสงคราม,545,samutsongkhram,412.48672828899
439,2559,สมุทรสาคร,1396,samutsakhon,866.06545786264
440,2559,สระบุรี,1567,saraburi,3487.650451485
441,2559,สระแก้ว,755,sakaeo,6815.11503498248
442,2559,สิงห์บุรี,1698,singburi,818.42840644624
443,2559,สุพรรณบุรี,1724,suphanburi,5409.26108410415
444,2559,สุราษฎร์ธานี,2574,suratthani,13086.21372902809
445,2559,สุรินทร์,2031,surin,8809.93517776871
446,2559,สุโขทัย,1116,sukhothai,6672.34183636511
447,2559,หนองคาย,881,nongkhai,3264.2368570057
448,2559,หนองบัวลำภู,638,nongbualamphu,4091.19415926986
449,2559,อำนาจเจริญ,616,amnatcharoen,3262.61378799809
450,2559,อุดรธานี,2638,udonthani,11032.27063166398
451,2559,อุตรดิตถ์,1104,uttaradit,7867.48028212876
452,2559,อุทัยธานี,673,uthaithani,6649.64380504946
453,2559,อุบลราชธานี,3634,ubonratchathani,15472.47978609577
454,2559,อ่างทอง,767,angthong,948.98724583937
455,2559,เชียงราย,2389,chiangrai,11583.01236533042
456,2559,เชียงใหม่,5641,chiangmai,22056.88731834835
457,2559,เพชรบุรี,1078,phetchaburi,6173.00173882862
458,2559,เพชรบูรณ์,1395,phetchabun,12333.1560788834
459,2559,เลย,1177,loei,10490.07923183725
460,2559,แพร่,1093,phrae,6484.53249747241
461,2559,แม่ฮ่องสอน,516,maehongson,12784.28056691474
462,2560,กระบี่,846,krabi,5319.41524737463
463,2560,กรุงเทพมหานคร,32497,bangkok,1566.57785515371
464,2560,กาญจนบุรี,1497,kanchanaburi,19405.04297919269
465,2560,กาฬสินธุ์,1501,kalasin,6898.98345578631
466,2560,กำแพงเพชร,1069,kamphaengphet,8520.49476797851
467,2560,ขอนแก่น,5240,khonkaen,10629.00058294659
468,2560,จันทบุรี,1590,chanthaburi,6404.21977766077
469,2560,ฉะเชิงเทรา,1305,chachoengsao,5166.90358063618
470,2560,ชลบุรี,4764,chonburi,4510.47957863486
471,2560,ชัยนาท,711,chainat,2511.79747645949
472,2560,ชัยภูมิ,1720,chaiyaphum,12679.25394167537
473,2560,ชุมพร,1084,chumphon,6010.28780369493
474,2560,ตรัง,1479,trang,4733.67163479885
475,2560,ตราด,633,trat,2852.41686477382
476,2560,ตาก,1118,tak,17318.85703133057
477,2560,นครนายก,989,nakhonnayok,2139.67123307373
478,2560,นครปฐม,1941,nakhonpathom,2141.72859749704
479,2560,นครพนม,1165,nakhonphanom,5591.2248017037
480,2560,นครราชสีมา,4893,nakhonratchasima,20688.81885376943
481,2560,นครศรีธรรมราช,2679,nakhonsithammarat,9892.39155890953
482,2560,นครสวรรค์,1832,nakhonsawan,9529.875918751
483,2560,นนทบุรี,2752,nonthaburi,640.29422318966
484,2560,นราธิวาส,2017,narathiwat,4487.14355388134
485,2560,น่าน,1253,nan,12165.11409446458
486,2560,บึงกาฬ,572,buengkan,3979.54529298928
487,2560,บุรีรัมย์,2560,buriram,10047.11268203788
488,2560,ปทุมธานี,2082,pathumthani,1521.51426750265
489,2560,ประจวบคีรีขันธ์,1022,prachuapkhirikhan,6427.18463137311
490,2560,ปราจีนบุรี,931,prachinburi,5020.33579717407
491,2560,ปัตตานี,1838,pattani,1975.95499697954
492,2560,พระนครศรีอยุธยา,1604,phranakhonsiayutthaya,2547.00670486463
493,2560,พะเยา,1258,phayao,6189.63595036332
494,2560,พังงา,707,phangnga,4580.06905945326
495,2560,พัทลุง,1112,phatthalung,3858.38806176758
496,2560,พิจิตร,978,phichit,4318.65126180923
497,2560,พิษณุโลก,2570,phitsanulok,10598.92285961757
498,2560,ภูเก็ต,1286,phuket,550.09843869971
499,2560,มหาสารคาม,1703,mahasarakham,5582.58568113667
500,2560,มุกดาหาร,702,mukdahan,4092.96993557997
501,2560,ยะลา,1632,yala,4467.26894141248
502,2560,ยโสธร,892,yasothon,4096.15430996103
503,2560,ระนอง,471,ranong,3223.65325675301
504,2560,ระยอง,1834,rayong,3665.05762206486
505,2560,ราชบุรี,2154,ratchaburi,5193.5302239491
506,2560,ร้อยเอ็ด,2140,roiet,7831.5106648173
507,2560,ลพบุรี,1599,lopburi,6501.03118525925
508,2560,ลำปาง,2005,lampang,12500.43740698581
509,2560,ลำพูน,978,lamphun,4481.18815811357
510,2560,ศรีสะเกษ,1968,sisaket,8869.49885872576
511,2560,สกลนคร,1952,sakonnakhon,9525.60546877644
512,2560,สงขลา,4768,songkhla,7745.41218398206
513,2560,สตูล,728,satun,3011.55865450342
514,2560,สมุทรปราการ,1976,samutprakan,965.96104508808
515,2560,สมุทรสงคราม,528,samutsongkhram,412.48672828899
516,2560,สมุทรสาคร,1540,samutsakhon,866.06545786264
517,2560,สระบุรี,1716,saraburi,3487.650451485
518,2560,สระแก้ว,739,sakaeo,6815.11503498248
519,2560,สิงห์บุรี,746,singburi,818.42840644624
520,2560,สุพรรณบุรี,1750,suphanburi,5409.26108410415
521,2560,สุราษฎร์ธานี,2709,suratthani,13086.21372902809
522,2560,สุรินทร์,2192,surin,8809.93517776871
523,2560,สุโขทัย,1130,sukhothai,6672.34183636511
524,2560,หนองคาย,921,nongkhai,3264.2368570057
525,2560,หนองบัวลำภู,671,nongbualamphu,4091.19415926986
526,2560,อำนาจเจริญ,642,amnatcharoen,3262.61378799809
527,2560,อุดรธานี,2677,udonthani,11032.27063166398
528,2560,อุตรดิตถ์,1120,uttaradit,7867.48028212876
529,2560,อุทัยธานี,680,uthaithani,6649.64380504946
530,2560,อุบลราชธานี,3918,ubonratchathani,15472.47978609577
531,2560,อ่างทอง,703,angthong,948.98724583937
532,2560,เชียงราย,2619,chiangrai,11583.01236533042
533,2560,เชียงใหม่,5881,chiangmai,22056.88731834835
534,2560,เพชรบุรี,1090,phetchaburi,6173.00173882862
535,2560,เพชรบูรณ์,1468,phetchabun,12333.1560788834
536,2560,เลย,1217,loei,10490.07923183725
537,2560,แพร่,1087,phrae,6484.53249747241
538,2560,แม่ฮ่องสอน,548,maehongson,12784.28056691474
539,2561,กระบี่,862,krabi,5319.41524737463
540,2561,กรุงเทพมหานคร,33204,bangkok,1566.57785515371
541,2561,กาญจนบุรี,1487,kanchanaburi,19405.04297919269
542,2561,กาฬสินธุ์,1763,kalasin,6898.98345578631
543,2561,กำแพงเพชร,1136,kamphaengphet,8520.49476797851
544,2561,ขอนแก่น,5563,khonkaen,10629.00058294659
545,2561,จันทบุรี,1688,chanthaburi,6404.21977766077
546,2561,ฉะเชิงเทรา,1347,chachoengsao,5166.90358063618
547,2561,ชลบุรี,4534,chonburi,4510.47957863486
548,2561,ชัยนาท,774,chainat,2511.79747645949
549,2561,ชัยภูมิ,1686,chaiyaphum,12679.25394167537
550,2561,ชุมพร,1093,chumphon,6010.28780369493
551,2561,ตรัง,1523,trang,4733.67163479885
552,2561,ตราด,701,trat,2852.41686477382
553,2561,ตาก,1160,tak,17318.85703133057
554,2561,นครนายก,984,nakhonnayok,2139.67123307373
555,2561,นครปฐม,1973,nakhonpathom,2141.72859749704
556,2561,นครพนม,1181,nakhonphanom,5591.2248017037
557,2561,นครราชสีมา,5358,nakhonratchasima,20688.81885376943
558,2561,นครศรีธรรมราช,2817,nakhonsithammarat,9892.39155890953
559,2561,นครสวรรค์,1911,nakhonsawan,9529.875918751
560,2561,นนทบุรี,2923,nonthaburi,640.29422318966
561,2561,นราธิวาส,2013,narathiwat,4487.14355388134
562,2561,น่าน,1252,nan,12165.11409446458
563,2561,บึงกาฬ,631,buengkan,3979.54529298928
564,2561,บุรีรัมย์,2587,buriram,10047.11268203788
565,2561,ปทุมธานี,2213,pathumthani,1521.51426750265
566,2561,ประจวบคีรีขันธ์,1019,prachuapkhirikhan,6427.18463137311
567,2561,ปราจีนบุรี,1059,prachinburi,5020.33579717407
568,2561,ปัตตานี,1854,pattani,1975.95499697954
569,2561,พระนครศรีอยุธยา,1583,phranakhonsiayutthaya,2547.00670486463
570,2561,พะเยา,1193,phayao,6189.63595036332
571,2561,พังงา,725,phangnga,4580.06905945326
572,2561,พัทลุง,1124,phatthalung,3858.38806176758
573,2561,พิจิตร,976,phichit,4318.65126180923
574,2561,พิษณุโลก,2544,phitsanulok,10598.92285961757
575,2561,ภูเก็ต,1543,phuket,550.09843869971
576,2561,มหาสารคาม,1665,mahasarakham,5582.58568113667
577,2561,มุกดาหาร,760,mukdahan,4092.96993557997
578,2561,ยะลา,1691,yala,4467.26894141248
579,2561,ยโสธร,953,yasothon,4096.15430996103
580,2561,ระนอง,469,ranong,3223.65325675301
581,2561,ระยอง,1841,rayong,3665.05762206486
582,2561,ราชบุรี,2161,ratchaburi,5193.5302239491
583,2561,ร้อยเอ็ด,2195,roiet,7831.5106648173
584,2561,ลพบุรี,1621,lopburi,6501.03118525925
585,2561,ลำปาง,1990,lampang,12500.43740698581
586,2561,ลำพูน,961,lamphun,4481.18815811357
587,2561,ศรีสะเกษ,2127,sisaket,8869.49885872576
588,2561,สกลนคร,2008,sakonnakhon,9525.60546877644
589,2561,สงขลา,4824,songkhla,7745.41218398206
590,2561,สตูล,776,satun,3011.55865450342
591,2561,สมุทรปราการ,2219,samutprakan,965.96104508808
592,2561,สมุทรสงคราม,502,samutsongkhram,412.48672828899
593,2561,สมุทรสาคร,1759,samutsakhon,866.06545786264
594,2561,สระบุรี,1788,saraburi,3487.650451485
595,2561,สระแก้ว,854,sakaeo,6815.11503498248
596,2561,สิงห์บุรี,742,singburi,818.42840644624
597,2561,สุพรรณบุรี,1808,suphanburi,5409.26108410415
598,2561,สุราษฎร์ธานี,2710,suratthani,13086.21372902809
599,2561,สุรินทร์,2242,surin,8809.93517776871
600,2561,สุโขทัย,1115,sukhothai,6672.34183636511
601,2561,หนองคาย,989,nongkhai,3264.2368570057
602,2561,หนองบัวลำภู,673,nongbualamphu,4091.19415926986
603,2561,อำนาจเจริญ,648,amnatcharoen,3262.61378799809
604,2561,อุดรธานี,2737,udonthani,11032.27063166398
605,2561,อุตรดิตถ์,1160,uttaradit,7867.48028212876
606,2561,อุทัยธานี,691,uthaithani,6649.64380504946
607,2561,อุบลราชธานี,4157,ubonratchathani,15472.47978609577
608,2561,อ่างทอง,708,angthong,948.98724583937
609,2561,เชียงราย,2533,chiangrai,11583.01236533042
610,2561,เชียงใหม่,5935,chiangmai,22056.88731834835
611,2561,เพชรบุรี,1098,phetchaburi,6173.00173882862
612,2561,เพชรบูรณ์,1496,phetchabun,12333.1560788834
613,2561,เลย,1262,loei,10490.07923183725
614,2561,แพร่,1120,phrae,6484.53249747241
615,2561,แม่ฮ่องสอน,517,maehongson,12784.28056691474
616,2562,กระบี่,878,krabi,5319.41524737463
617,2562,กรุงเทพมหานคร,34825,bangkok,1566.57785515371
618,2562,กาญจนบุรี,1674,kanchanaburi,19405.04297919269
619,2562,กาฬสินธุ์,1783,kalasin,6898.98345578631
620,2562,กำแพงเพชร,1155,kamphaengphet,8520.49476797851
621,2562,ขอนแก่น,5470,khonkaen,10629.00058294659
622,2562,จันทบุรี,1801,chanthaburi,6404.21977766077
623,2562,ฉะเชิงเทรา,1514,chachoengsao,5166.90358063618
624,2562,ชลบุรี,5267,chonburi,4510.47957863486
625,2562,ชัยนาท,779,chainat,2511.79747645949
626,2562,ชัยภูมิ,1773,chaiyaphum,12679.25394167537
627,2562,ชุมพร,1157,chumphon,6010.28780369493
628,2562,ตรัง,1610,trang,4733.67163479885
629,2562,ตราด,708,trat,2852.41686477382
630,2562,ตาก,1229,tak,17318.85703133057
631,2562,นครนายก,976,nakhonnayok,2139.67123307373
632,2562,นครปฐม,2096,nakhonpathom,2141.72859749704
633,2562,นครพนม,1202,nakhonphanom,5591.2248017037
634,2562,นครราชสีมา,5729,nakhonratchasima,20688.81885376943
635,2562,นครศรีธรรมราช,2974,nakhonsithammarat,9892.39155890953
636,2562,นครสวรรค์,2115,nakhonsawan,9529.875918751
637,2562,นนทบุรี,2936,nonthaburi,640.29422318966
638,2562,นราธิวาส,1996,narathiwat,4487.14355388134
639,2562,น่าน,1258,nan,12165.11409446458
640,2562,บึงกาฬ,623,buengkan,3979.54529298928
641,2562,บุรีรัมย์,2753,buriram,10047.11268203788
642,2562,ปทุมธานี,2248,pathumthani,1521.51426750265
643,2562,ประจวบคีรีขันธ์,1062,prachuapkhirikhan,6427.18463137311
644,2562,ปราจีนบุรี,1057,prachinburi,5020.33579717407
645,2562,ปัตตานี,1835,pattani,1975.95499697954
646,2562,พระนครศรีอยุธยา,1823,phranakhonsiayutthaya,2547.00670486463
647,2562,พะเยา,1214,phayao,6189.63595036332
648,2562,พังงา,742,phangnga,4580.06905945326
649,2562,พัทลุง,1129,phatthalung,3858.38806176758
650,2562,พิจิตร,996,phichit,4318.65126180923
651,2562,พิษณุโลก,2628,phitsanulok,10598.92285961757
652,2562,ภูเก็ต,1583,phuket,550.09843869971
653,2562,มหาสารคาม,1733,mahasarakham,5582.58568113667
654,2562,มุกดาหาร,751,mukdahan,4092.96993557997
655,2562,ยะลา,1592,yala,4467.26894141248
656,2562,ยโสธร,977,yasothon,4096.15430996103
657,2562,ระนอง,497,ranong,3223.65325675301
658,2562,ระยอง,1970,rayong,3665.05762206486
659,2562,ราชบุรี,2230,ratchaburi,5193.5302239491
660,2562,ร้อยเอ็ด,2213,roiet,7831.5106648173
661,2562,ลพบุรี,1658,lopburi,6501.03118525925
662,2562,ลำปาง,2055,lampang,12500.43740698581
663,2562,ลำพูน,992,lamphun,4481.18815811357
664,2562,ศรีสะเกษ,2160,sisaket,8869.49885872576
665,2562,สกลนคร,2047,sakonnakhon,9525.60546877644
666,2562,สงขลา,4788,songkhla,7745.41218398206
667,2562,สตูล,772,satun,3011.55865450342
668,2562,สมุทรปราการ,2880,samutprakan,965.96104508808
669,2562,สมุทรสงคราม,522,samutsongkhram,412.48672828899
670,2562,สมุทรสาคร,1882,samutsakhon,866.06545786264
671,2562,สระบุรี,1866,saraburi,3487.650451485
672,2562,สระแก้ว,973,sakaeo,6815.11503498248
673,2562,สิงห์บุรี,728,singburi,818.42840644624
674,2562,สุพรรณบุรี,1905,suphanburi,5409.26108410415
675,2562,สุราษฎร์ธานี,3004,suratthani,13086.21372902809
676,2562,สุรินทร์,2390,surin,8809.93517776871
677,2562,สุโขทัย,1108,sukhothai,6672.34183636511
678,2562,หนองคาย,1005,nongkhai,3264.2368570057
679,2562,หนองบัวลำภู,689,nongbualamphu,4091.19415926986
680,2562,อำนาจเจริญ,665,amnatcharoen,3262.61378799809
681,2562,อุดรธานี,2749,udonthani,11032.27063166398
682,2562,อุตรดิตถ์,1175,uttaradit,7867.48028212876
683,2562,อุทัยธานี,717,uthaithani,6649.64380504946
684,2562,อุบลราชธานี,4290,ubonratchathani,15472.47978609577
685,2562,อ่างทอง,712,angthong,948.98724583937
686,2562,เชียงราย,2684,chiangrai,11583.01236533042
687,2562,เชียงใหม่,6347,chiangmai,22056.88731834835
688,2562,เพชรบุรี,1109,phetchaburi,6173.00173882862
689,2562,เพชรบูรณ์,1583,phetchabun,12333.1560788834
690,2562,เลย,1282,loei,10490.07923183725
691,2562,แพร่,1092,phrae,6484.53249747241
692,2562,แม่ฮ่องสอน,547,maehongson,12784.28056691474
693,2563,กระบี่,923,krabi,5319.41524737463
694,2563,กรุงเทพมหานคร,37405,bangkok,1566.57785515371
695,2563,กาญจนบุรี,1683,kanchanaburi,19405.04297919269
696,2563,กาฬสินธุ์,1804,kalasin,6898.98345578631
697,2563,กำแพงเพชร,1145,kamphaengphet,8520.49476797851
698,2563,ขอนแก่น,5461,khonkaen,10629.00058294659
699,2563,จันทบุรี,1812,chanthaburi,6404.21977766077
700,2563,ฉะเชิงเทรา,1578,chachoengsao,5166.90358063618
701,2563,ชลบุรี,5338,chonburi,4510.47957863486
702,2563,ชัยนาท,771,chainat,2511.79747645949
703,2563,ชัยภูมิ,1745,chaiyaphum,12679.25394167537
704,2563,ชุมพร,1177,chumphon,6010.28780369493
705,2563,ตรัง,1611,trang,4733.67163479885
706,2563,ตราด,697,trat,2852.41686477382
707,2563,ตาก,1242,tak,17318.85703133057
708,2563,นครนายก,949,nakhonnayok,2139.67123307373
709,2563,นครปฐม,2160,nakhonpathom,2141.72859749704
710,2563,นครพนม,1220,nakhonphanom,5591.2248017037
711,2563,นครราชสีมา,5607,nakhonratchasima,20688.81885376943
712,2563,นครศรีธรรมราช,2996,nakhonsithammarat,9892.39155890953
713,2563,นครสวรรค์,2078,nakhonsawan,9529.875918751
714,2563,นนทบุรี,3073,nonthaburi,640.29422318966
715,2563,นราธิวาส,1981,narathiwat,4487.14355388134
716,2563,น่าน,1236,nan,12165.11409446458
717,2563,บึงกาฬ,642,buengkan,3979.54529298928
718,2563,บุรีรัมย์,2784,buriram,10047.11268203788
719,2563,ปทุมธานี,2230,pathumthani,1521.51426750265
720,2563,ประจวบคีรีขันธ์,1069,prachuapkhirikhan,6427.18463137311
721,2563,ปราจีนบุรี,1048,prachinburi,5020.33579717407
722,2563,ปัตตานี,1816,pattani,1975.95499697954
723,2563,พระนครศรีอยุธยา,1752,phranakhonsiayutthaya,2547.00670486463
724,2563,พะเยา,1206,phayao,6189.63595036332
725,2563,พังงา,724,phangnga,4580.06905945326
726,2563,พัทลุง,1137,phatthalung,3858.38806176758
727,2563,พิจิตร,1004,phichit,4318.65126180923
728,2563,พิษณุโลก,2649,phitsanulok,10598.92285961757
729,2563,ภูเก็ต,1597,phuket,550.09843869971
730,2563,มหาสารคาม,1788,mahasarakham,5582.58568113667
731,2563,มุกดาหาร,758,mukdahan,4092.96993557997
732,2563,ยะลา,1564,yala,4467.26894141248
733,2563,ยโสธร,960,yasothon,4096.15430996103
734,2563,ระนอง,489,ranong,3223.65325675301
735,2563,ระยอง,1922,rayong,3665.05762206486
736,2563,ราชบุรี,2151,ratchaburi,5193.5302239491
737,2563,ร้อยเอ็ด,2260,roiet,7831.5106648173
738,2563,ลพบุรี,1681,lopburi,6501.03118525925
739,2563,ลำปาง,2075,lampang,12500.43740698581
740,2563,ลำพูน,953,lamphun,4481.18815811357
741,2563,ศรีสะเกษ,2171,sisaket,8869.49885872576
742,2563,สกลนคร,2140,sakonnakhon,9525.60546877644
743,2563,สงขลา,4696,songkhla,7745.41218398206
744,2563,สตูล,767,satun,3011.55865450342
745,2563,สมุทรปราการ,2911,samutprakan,965.96104508808
746,2563,สมุทรสงคราม,507,samutsongkhram,412.48672828899
747,2563,สมุทรสาคร,1892,samutsakhon,866.06545786264
748,2563,สระบุรี,1875,saraburi,3487.650451485
749,2563,สระแก้ว,972,sakaeo,6815.11503498248
750,2563,สิงห์บุรี,718,singburi,818.42840644624
751,2563,สุพรรณบุรี,1898,suphanburi,5409.26108410415
752,2563,สุราษฎร์ธานี,3038,suratthani,13086.21372902809
753,2563,สุรินทร์,2371,surin,8809.93517776871
754,2563,สุโขทัย,1094,sukhothai,6672.34183636511
755,2563,หนองคาย,1029,nongkhai,3264.2368570057
756,2563,หนองบัวลำภู,699,nongbualamphu,4091.19415926986
757,2563,อำนาจเจริญ,658,amnatcharoen,3262.61378799809
758,2563,อุดรธานี,3097,udonthani,11032.27063166398
759,2563,อุตรดิตถ์,1174,uttaradit,7867.48028212876
760,2563,อุทัยธานี,705,uthaithani,6649.64380504946
761,2563,อุบลราชธานี,4382,ubonratchathani,15472.47978609577
762,2563,อ่างทอง,702,angthong,948.98724583937
763,2563,เชียงราย,2722,chiangrai,11583.01236533042
764,2563,เชียงใหม่,6457,chiangmai,22056.88731834835
765,2563,เพชรบุรี,1102,phetchaburi,6173.00173882862
766,2563,เพชรบูรณ์,1583,phetchabun,12333.1560788834
767,2563,เลย,1293,loei,10490.07923183725
768,2563,แพร่,1094,phrae,6484.53249747241
769,2563,แม่ฮ่องสอน,537,maehongson,12784.28056691474
770,2564,กระบี่,1044,krabi,5319.41524737463
771,2564,กรุงเทพมหานคร,37678,bangkok,1566.57785515371
772,2564,กาญจนบุรี,1803,kanchanaburi,19405.04297919269
773,2564,กาฬสินธุ์,1893,kalasin,6898.98345578631
774,2564,กำแพงเพชร,1190,kamphaengphet,8520.49476797851
775,2564,ขอนแก่น,5741,khonkaen,10629.00058294659
776,2564,จันทบุรี,1898,chanthaburi,6404.21977766077
777,2564,ฉะเชิงเทรา,1700,chachoengsao,5166.90358063618
778,2564,ชลบุรี,6161,chonburi,4510.47957863486
779,2564,ชัยนาท,787,chainat,2511.79747645949
780,2564,ชัยภูมิ,1996,chaiyaphum,12679.25394167537
781,2564,ชุมพร,1248,chumphon,6010.28780369493
782,2564,ตรัง,1680,trang,4733.67163479885
783,2564,ตราด,695,trat,2852.41686477382
784,2564,ตาก,1372,tak,17318.85703133057
785,2564,นครนายก,1018,nakhonnayok,2139.67123307373
786,2564,นครปฐม,2296,nakhonpathom,2141.72859749704
787,2564,นครพนม,1281,nakhonphanom,5591.2248017037
788,2564,นครราชสีมา,6394,nakhonratchasima,20688.81885376943
789,2564,นครศรีธรรมราช,3175,nakhonsithammarat,9892.39155890953
790,2564,นครสวรรค์,2286,nakhonsawan,9529.875918751
791,2564,นนทบุรี,3267,nonthaburi,640.29422318966
792,2564,นราธิวาส,1967,narathiwat,4487.14355388134
793,2564,น่าน,1283,nan,12165.11409446458
794,2564,บึงกาฬ,677,buengkan,3979.54529298928
795,2564,บุรีรัมย์,3071,buriram,10047.11268203788
796,2564,ปทุมธานี,2513,pathumthani,1521.51426750265
797,2564,ประจวบคีรีขันธ์,1135,prachuapkhirikhan,6427.18463137311
798,2564,ปราจีนบุรี,1133,prachinburi,5020.33579717407
799,2564,ปัตตานี,1825,pattani,1975.95499697954
800,2564,พระนครศรีอยุธยา,1822,phranakhonsiayutthaya,2547.00670486463
801,2564,พะเยา,1182,phayao,6189.63595036332
802,2564,พังงา,755,phangnga,4580.06905945326
803,2564,พัทลุง,1162,phatthalung,3858.38806176758
804,2564,พิจิตร,1036,phichit,4318.65126180923
805,2564,พิษณุโลก,2700,phitsanulok,10598.92285961757
806,2564,ภูเก็ต,1569,phuket,550.09843869971
807,2564,มหาสารคาม,1893,mahasarakham,5582.58568113667
808,2564,มุกดาหาร,785,mukdahan,4092.96993557997
809,2564,ยะลา,1572,yala,4467.26894141248
810,2564,ยโสธร,976,yasothon,4096.15430996103
811,2564,ระนอง,514,ranong,3223.65325675301
812,2564,ระยอง,1971,rayong,3665.05762206486
813,2564,ราชบุรี,2355,ratchaburi,5193.5302239491
814,2564,ร้อยเอ็ด,2418,roiet,7831.5106648173
815,2564,ลพบุรี,1703,lopburi,6501.03118525925
816,2564,ลำปาง,2112,lampang,12500.43740698581
817,2564,ลำพูน,1030,lamphun,4481.18815811357
818,2564,ศรีสะเกษ,2477,sisaket,8869.49885872576
819,2564,สกลนคร,2405,sakonnakhon,9525.60546877644
820,2564,สงขลา,4803,songkhla,7745.41218398206
821,2564,สตูล,780,satun,3011.55865450342
822,2564,สมุทรปราการ,3026,samutprakan,965.96104508808
823,2564,สมุทรสงคราม,494,samutsongkhram,412.48672828899
824,2564,สมุทรสาคร,2002,samutsakhon,866.06545786264
825,2564,สระบุรี,1923,saraburi,3487.650451485
826,2564,สระแก้ว,1069,sakaeo,6815.11503498248
827,2564,สิงห์บุรี,709,singburi,818.42840644624
828,2564,สุพรรณบุรี,1979,suphanburi,5409.26108410415
829,2564,สุราษฎร์ธานี,3259,suratthani,13086.21372902809
830,2564,สุรินทร์,2563,surin,8809.93517776871
831,2564,สุโขทัย,1097,sukhothai,6672.34183636511
832,2564,หนองคาย,1085,nongkhai,3264.2368570057
833,2564,หนองบัวลำภู,703,nongbualamphu,4091.19415926986
834,2564,อำนาจเจริญ,668,amnatcharoen,3262.61378799809
835,2564,อุดรธานี,3339,udonthani,11032.27063166398
836,2564,อุตรดิตถ์,1299,uttaradit,7867.48028212876
837,2564,อุทัยธานี,749,uthaithani,6649.64380504946
838,2564,อุบลราชธานี,4581,ubonratchathani,15472.47978609577
839,2564,อ่างทอง,714,angthong,948.98724583937
840,2564,เชียงราย,2845,chiangrai,11583.01236533042
841,2564,เชียงใหม่,6673,chiangmai,22056.88731834835
842,2564,เพชรบุรี,1098,phetchaburi,6173.00173882862
843,2564,เพชรบูรณ์,1667,phetchabun,12333.1560788834
844,2564,เลย,1351,loei,10490.07923183725
845,2564,แพร่,1119,phrae,6484.53249747241
846,2564,แม่ฮ่องสอน,553,maehongson,12784.28056691474
847,2565,กระบี่,1048,krabi,5319.41524737463
848,2565,กรุงเทพมหานคร,37846,bangkok,1566.57785515371
849,2565,กาญจนบุรี,1788,kanchanaburi,19405.04297919269
850,2565,กาฬสินธุ์,1908,kalasin,6898.98345578631
851,2565,กำแพงเพชร,1241,kamphaengphet,8520.49476797851
852,2565,ขอนแก่น,6599,khonkaen,10629.00058294659
853,2565,จันทบุรี,1922,chanthaburi,6404.21977766077
854,2565,ฉะเชิงเทรา,1731,chachoengsao,5166.90358063618
855,2565,ชลบุรี,6691,chonburi,4510.47957863486
856,2565,ชัยนาท,781,chainat,2511.79747645949
857,2565,ชัยภูมิ,1975,chaiyaphum,12679.25394167537
858,2565,ชุมพร,1252,chumphon,6010.28780369493
859,2565,ตรัง,1696,trang,4733.67163479885
860,2565,ตราด,697,trat,2852.41686477382
861,2565,ตาก,1400,tak,17318.85703133057
862,2565,นครนายก,1063,nakhonnayok,2139.67123307373
863,2565,นครปฐม,2396,nakhonpathom,2141.72859749704
864,2565,นครพนม,1323,nakhonphanom,5591.2248017037
865,2565,นครราชสีมา,6669,nakhonratchasima,20688.81885376943
866,2565,นครศรีธรรมราช,3258,nakhonsithammarat,9892.39155890953
867,2565,นครสวรรค์,2399,nakhonsawan,9529.875918751
868,2565,นนทบุรี,3320,nonthaburi,640.29422318966
869,2565,นราธิวาส,1965,narathiwat,4487.14355388134
870,2565,น่าน,1319,nan,12165.11409446458
871,2565,บึงกาฬ,692,buengkan,3979.54529298928
872,2565,บุรีรัมย์,3078,buriram,10047.11268203788
873,2565,ปทุมธานี,3360,pathumthani,1521.51426750265
874,2565,ประจวบคีรีขันธ์,1134,prachuapkhirikhan,6427.18463137311
875,2565,ปราจีนบุรี,1119,prachinburi,5020.33579717407
876,2565,ปัตตานี,1854,pattani,1975.95499697954
877,2565,พระนครศรีอยุธยา,1985,phranakhonsiayutthaya,2547.00670486463
878,2565,พะเยา,1224,phayao,6189.63595036332
879,2565,พังงา,774,phangnga,4580.06905945326
880,2565,พัทลุง,1175,phatthalung,3858.38806176758
881,2565,พิจิตร,1050,phichit,4318.65126180923
882,2565,พิษณุโลก,2830,phitsanulok,10598.92285961757
883,2565,ภูเก็ต,1565,phuket,550.09843869971
884,2565,มหาสารคาม,1944,mahasarakham,5582.58568113667
885,2565,มุกดาหาร,803,mukdahan,4092.96993557997
886,2565,ยะลา,1565,yala,4467.26894141248
887,2565,ยโสธร,1022,yasothon,4096.15430996103
888,2565,ระนอง,520,ranong,3223.65325675301
889,2565,ระยอง,2023,rayong,3665.05762206486
890,2565,ราชบุรี,2424,ratchaburi,5193.5302239491
891,2565,ร้อยเอ็ด,2403,roiet,7831.5106648173
892,2565,ลพบุรี,1689,lopburi,6501.03118525925
893,2565,ลำปาง,2095,lampang,12500.43740698581
894,2565,ลำพูน,1033,lamphun,4481.18815811357
895,2565,ศรีสะเกษ,2557,sisaket,8869.49885872576
896,2565,สกลนคร,2423,sakonnakhon,9525.60546877644
897,2565,สงขลา,4868,songkhla,7745.41218398206
898,2565,สตูล,780,satun,3011.55865450342
899,2565,สมุทรปราการ,3271,samutprakan,965.96104508808
900,2565,สมุทรสงคราม,500,samutsongkhram,412.48672828899
901,2565,สมุทรสาคร,2091,samutsakhon,866.06545786264
902,2565,สระบุรี,1933,saraburi,3487.650451485
903,2565,สระแก้ว,1127,sakaeo,6815.11503498248
904,2565,สิงห์บุรี,707,singburi,818.42840644624
905,2565,สุพรรณบุรี,1981,suphanburi,5409.26108410415
906,2565,สุราษฎร์ธานี,3278,suratthani,13086.21372902809
907,2565,สุรินทร์,2591,surin,8809.93517776871
908,2565,สุโขทัย,1100,sukhothai,6672.34183636511
909,2565,หนองคาย,1081,nongkhai,3264.2368570057
910,2565,หนองบัวลำภู,714,nongbualamphu,4091.19415926986
911,2565,อำนาจเจริญ,683,amnatcharoen,3262.61378799809
912,2565,อุดรธานี,3454,udonthani,11032.27063166398
913,2565,อุตรดิตถ์,1330,uttaradit,7867.48028212876
914,2565,อุทัยธานี,768,uthaithani,6649.64380504946
915,2565,อุบลราชธานี,4628,ubonratchathani,15472.47978609577
916,2565,อ่างทอง,709,angthong,948.98724583937
917,2565,เชียงราย,2987,chiangrai,11583.01236533042
918,2565,เชียงใหม่,6950,chiangmai,22056.88731834835
919,2565,เพชรบุรี,1185,phetchaburi,6173.00173882862
920,2565,เพชรบูรณ์,1704,phetchabun,12333.1560788834
921,2565,เลย,1400,loei,10490.07923183725
922,2565,แพร่,1114,phrae,6484.53249747241
923,2565,แม่ฮ่องสอน,561,maehongson,12784.28056691474
924,2566,กระบี่,1047,krabi,5319.41524737463
925,2566,กรุงเทพมหานคร,40206,bangkok,1566.57785515371
926,2566,กาญจนบุรี,1828,kanchanaburi,19405.04297919269
927,2566,กาฬสินธุ์,1962,kalasin,6898.98345578631
928,2566,กำแพงเพชร,1259,kamphaengphet,8520.49476797851
929,2566,ขอนแก่น,6663,khonkaen,10629.00058294659
930,2566,จันทบุรี,1952,chanthaburi,6404.21977766077
931,2566,ฉะเชิงเทรา,1768,chachoengsao,5166.90358063618
932,2566,ชลบุรี,6510,chonburi,4510.47957863486
933,2566,ชัยนาท,780,chainat,2511.79747645949
934,2566,ชัยภูมิ,2016,chaiyaphum,12679.25394167537
935,2566,ชุมพร,1275,chumphon,6010.28780369493
936,2566,ตรัง,1774,trang,4733.67163479885
937,2566,ตราด,697,trat,2852.41686477382
938,2566,ตาก,1449,tak,17318.85703133057
939,2566,นครนายก,1093,nakhonnayok,2139.67123307373
940,2566,นครปฐม,2601,nakhonpathom,2141.72859749704
941,2566,นครพนม,1314,nakhonphanom,5591.2248017037
942,2566,นครราชสีมา,6610,nakhonratchasima,20688.81885376943
943,2566,นครศรีธรรมราช,3305,nakhonsithammarat,9892.39155890953
944,2566,นครสวรรค์,2539,nakhonsawan,9529.875918751
945,2566,นนทบุรี,3314,nonthaburi,640.29422318966
946,2566,นราธิวาส,2002,narathiwat,4487.14355388134
947,2566,น่าน,1354,nan,12165.11409446458
948,2566,บึงกาฬ,708,buengkan,3979.54529298928
949,2566,บุรีรัมย์,3101,buriram,10047.11268203788
950,2566,ปทุมธานี,3538,pathumthani,1521.51426750265
951,2566,ประจวบคีรีขันธ์,1135,prachuapkhirikhan,6427.18463137311
952,2566,ปราจีนบุรี,1121,prachinburi,5020.33579717407
953,2566,ปัตตานี,1850,pattani,1975.95499697954
954,2566,พระนครศรีอยุธยา,1990,phranakhonsiayutthaya,2547.00670486463
955,2566,พะเยา,1222,phayao,6189.63595036332
956,2566,พังงา,766,phangnga,4580.06905945326
957,2566,พัทลุง,1222,phatthalung,3858.38806176758
958,2566,พิจิตร,1102,phichit,4318.65126180923
959,2566,พิษณุโลก,2854,phitsanulok,10598.92285961757
960,2566,ภูเก็ต,1616,phuket,550.09843869971
961,2566,มหาสารคาม,1897,mahasarakham,5582.58568113667
962,2566,มุกดาหาร,822,mukdahan,4092.96993557997
963,2566,ยะลา,1620,yala,4467.26894141248
964,2566,ยโสธร,1059,yasothon,4096.15430996103
965,2566,ระนอง,536,ranong,3223.65325675301
966,2566,ระยอง,2180,rayong,3665.05762206486
967,2566,ราชบุรี,2333,ratchaburi,5193.5302239491
968,2566,ร้อยเอ็ด,2508,roiet,7831.5106648173
969,2566,ลพบุรี,1705,lopburi,6501.03118525925
970,2566,ลำปาง,2041,lampang,12500.43740698581
971,2566,ลำพูน,1036,lamphun,4481.18815811357
972,2566,ศรีสะเกษ,2673,sisaket,8869.49885872576
973,2566,สกลนคร,2507,sakonnakhon,9525.60546877644
974,2566,สงขลา,4938,songkhla,7745.41218398206
975,2566,สตูล,795,satun,3011.55865450342
976,2566,สมุทรปราการ,3280,samutprakan,965.96104508808
977,2566,สมุทรสงคราม,485,samutsongkhram,412.48672828899
978,2566,สมุทรสาคร,2101,samutsakhon,866.06545786264
979,2566,สระบุรี,1893,saraburi,3487.650451485
980,2566,สระแก้ว,1167,sakaeo,6815.11503498248
981,2566,สิงห์บุรี,703,singburi,818.42840644624
982,2566,สุพรรณบุรี,2019,suphanburi,5409.26108410415
983,2566,สุราษฎร์ธานี,3388,suratthani,13086.21372902809
984,2566,สุรินทร์,2657,surin,8809.93517776871
985,2566,สุโขทัย,1103,sukhothai,6672.34183636511
986,2566,หนองคาย,1106,nongkhai,3264.2368570057
987,2566,หนองบัวลำภู,740,nongbualamphu,4091.19415926986
988,2566,อำนาจเจริญ,711,amnatcharoen,3262.61378799809
989,2566,อุดรธานี,3503,udonthani,11032.27063166398
990,2566,อุตรดิตถ์,1352,uttaradit,7867.48028212876
991,2566,อุทัยธานี,763,uthaithani,6649.64380504946
992,2566,อุบลราชธานี,4677,ubonratchathani,15472.47978609577
993,2566,อ่างทอง,707,angthong,948.98724583937
994,2566,เชียงราย,2988,chiangrai,11583.01236533042
995,2566,เชียงใหม่,7023,chiangmai,22056.88731834835
996,2566,เพชรบุรี,1162,phetchaburi,6173.00173882862
997,2566,เพชรบูรณ์,1791,phetchabun,12333.1560788834
998,2566,เลย,1452,loei,10490.07923183725
999,2566,แพร่,1150,phrae,6484.53249747241
1000,2566,แม่ฮ่องสอน,571,maehongson,12784.28056691474
1001,2567,กระบี่,1081,krabi,5319.41524737463
1002,2567,กรุงเทพมหานคร,41766,bangkok,1566.57785515371
1003,2567,กาญจนบุรี,1883,kanchanaburi,19405.04297919269
1004,2567,กาฬสินธุ์,1975,kalasin,6898.98345578631
1005,2567,กำแพงเพชร,1320,kamphaengphet,8520.49476797851
1006,2567,ขอนแก่น,6860,khonkaen,10629.00058294659
1007,2567,จันทบุรี,2018,chanthaburi,6404.21977766077
1008,2567,ฉะเชิงเทรา,1818,chachoengsao,5166.90358063618
1009,2567,ชลบุรี,6663,chonburi,4510.47957863486
1010,2567,ชัยนาท,801,chainat,2511.79747645949
1011,2567,ชัยภูมิ,2004,chaiyaphum,12679.25394167537
1012,2567,ชุมพร,1331,chumphon,6010.28780369493
1013,2567,ตรัง,1818,trang,4733.67163479885
1014,2567,ตราด,735,trat,2852.41686477382
1015,2567,ตาก,1514,tak,17318.85703133057
1016,2567,นครนายก,1086,nakhonnayok,2139.67123307373
1017,2567,นครปฐม,2657,nakhonpathom,2141.72859749704
1018,2567,นครพนม,1324,nakhonphanom,5591.2248017037
1019,2567,นครราชสีมา,6898,nakhonratchasima,20688.81885376943
1020,2567,นครศรีธรรมราช,3386,nakhonsithammarat,9892.39155890953
1021,2567,นครสวรรค์,2501,nakhonsawan,9529.875918751
1022,2567,นนทบุรี,3321,nonthaburi,640.29422318966
1023,2567,นราธิวาส,1812,narathiwat,4487.14355388134
1024,2567,น่าน,1425,nan,12165.11409446458
1025,2567,บึงกาฬ,730,buengkan,3979.54529298928
1026,2567,บุรีรัมย์,3140,buriram,10047.11268203788
1027,2567,ปทุมธานี,3817,pathumthani,1521.51426750265
1028,2567,ประจวบคีรีขันธ์,1161,prachuapkhirikhan,6427.18463137311
1029,2567,ปราจีนบุรี,1143,prachinburi,5020.33579717407
1030,2567,ปัตตานี,1844,pattani,1975.95499697954
1031,2567,พระนครศรีอยุธยา,2012,phranakhonsiayutthaya,2547.00670486463
1032,2567,พะเยา,1329,phayao,6189.63595036332
1033,2567,พังงา,772,phangnga,4580.06905945326
1034,2567,พัทลุง,1250,phatthalung,3858.38806176758
1035,2567,พิจิตร,1075,phichit,4318.65126180923
1036,2567,พิษณุโลก,2934,phitsanulok,10598.92285961757
1037,2567,ภูเก็ต,1709,phuket,550.09843869971
1038,2567,มหาสารคาม,2048,mahasarakham,5582.58568113667
1039,2567,มุกดาหาร,834,mukdahan,4092.96993557997
1040,2567,ยะลา,1610,yala,4467.26894141248
1041,2567,ยโสธร,1059,yasothon,4096.15430996103
1042,2567,ระนอง,512,ranong,3223.65325675301
1043,2567,ระยอง,2254,rayong,3665.05762206486
1044,2567,ราชบุรี,2307,ratchaburi,5193.5302239491
1045,2567,ร้อยเอ็ด,2580,roiet,7831.5106648173
1046,2567,ลพบุรี,1713,lopburi,6501.03118525925
1047,2567,ลำปาง,2110,lampang,12500.43740698581
1048,2567,ลำพูน,1066,lamphun,4481.18815811357
1049,2567,ศรีสะเกษ,2696,sisaket,8869.49885872576
1050,2567,สกลนคร,2472,sakonnakhon,9525.60546877644
1051,2567,สงขลา,4936,songkhla,7745.41218398206
1052,2567,สตูล,808,satun,3011.55865450342
1053,2567,สมุทรปราการ,3195,samutprakan,965.96104508808
1054,2567,สมุทรสงคราม,482,samutsongkhram,412.48672828899
1055,2567,สมุทรสาคร,2165,samutsakhon,866.06545786264
1056,2567,สระบุรี,1868,saraburi,3487.650451485
1057,2567,สระแก้ว,1230,sakaeo,6815.11503498248
1058,2567,สิงห์บุรี,703,singburi,818.42840644624
1059,2567,สุพรรณบุรี,2053,suphanburi,5409.26108410415
1060,2567,สุราษฎร์ธานี,3393,suratthani,13086.21372902809
1061,2567,สุรินทร์,2709,surin,8809.93517776871
1062,2567,สุโขทัย,1121,sukhothai,6672.34183636511
1063,2567,หนองคาย,1109,nongkhai,3264.2368570057
1064,2567,หนองบัวลำภู,744,nongbualamphu,4091.19415926986
1065,2567,อำนาจเจริญ,705,amnatcharoen,3262.61378799809
1066,2567,อุดรธานี,3519,udonthani,11032.27063166398
1067,2567,อุตรดิตถ์,1337,uttaradit,7867.48028212876
1068,2567,อุทัยธานี,755,uthaithani,6649.64380504946
1069,2567,อุบลราชธานี,4927,ubonratchathani,15472.47978609577
1070,2567,อ่างทอง,712,angthong,948.98724583937
1071,2567,เชียงราย,3142,chiangrai,11583.01236533042
1072,2567,เชียงใหม่,6851,chiangmai,22056.88731834835
1073,2567,เพชรบุรี,1155,phetchaburi,6173.00173882862
1074,2567,เพชรบูรณ์,1742,phetchabun,12333.1560788834
1075,2567,เลย,1488,loei,10490.07923183725
1076,2567,แพร่,1185,phrae,6484.53249747241
1077,2567,แม่ฮ่องสอน,573,maehongson,12784.28056691474
